audit_selection_reasons,prediction_id,item_id,model_short_name,dataset,subject,prompt_variant,scorer,taxonomy_cell,correct,selected_answer,selected_answer_original,answer_key,question,explanation,scorer_notes,scorer_evidence,reconstruction_cos,reconstruction_mse,automated_score_reasonable,clear_confabulation,gold_rationale_incomplete,highlight_candidate,auditor_notes
correct_weak_failure_case,medqa:test:001272::qwen7b::compact::0,medqa:test:001272,qwen7b,medqa,step1,compact,heuristic_v1,correct_weak,True,C,C,C,"A 79-year-old man presents to the office due to shortness of breath with moderate exertion and a slightly productive cough. He has a medical history of 25 years of heavy smoking. His vitals include: heart rate 89/min, respiratory rate 27/min, and blood pressure 120/90 mm Hg. The physical exam shows increased resonance to percussion, decreased breath sounds, and crackles at the lung base. Chest radiography shows signs of pulmonary hyperinflation. Spirometry shows a forced expiratory volume in the first second (FEV1) of 48%, a forced vital capacity (FVC) of 85%, and an FEV1/FVC ratio of 56%. According to these results, what is the most likely diagnosis?","Medical format with structured question prompt following ""Q&A"" pattern, presenting a diagnostic question about symptoms to determine a category.

The answer ""Given the options, the answer is C: COPD"" signals the final answer, completing the multiple-choice format with ""D: COPD"" being the correct choice, strongly implying the closing answer box will show ""C"".

Final token ""option
"" is mid-phrase (""Answer: ""), part of the answer sequence ""The answer is: C:"" — immediately expects ""C"" or ""3"" to close the answer, completing ""The answer is COPD"" with the medical classification context confirming the question's diagnostic category.",q=1 r=None sel=1 cor=1,,0.8713403940200806,0.25731953978538513,,,,,
correct_weak_failure_case;prompt_instability,medqa:test:001089::qwen7b::compact::0,medqa:test:001089,qwen7b,medqa,step1,compact,heuristic_v1,correct_weak,True,B,B,B,"A 42-year-old man presents to your office complaining of right-sided facial swelling that has progressively worsened over the last month after returning from a trip to India. On examination, the patient has an obvious distortion of the facial features on the right without erythema or lymphadenopathy. A neurological exam reveals no deficits. His blood pressure is 115/80 mm Hg, heart rate is 65/min, and the temperature is 37.2°C (98.9°F). The patient states that he has been having trouble chewing his food, but is not experiencing any pain. The patient is up to date on all of his immunizations. Which of the following is the most likely cause of his facial swelling?","Medical format with structured answer format (""Q&A"") presenting symptoms of a condition, establishing clinical context around ""lung cancer.""

The answer ""Given the options, the most likely answer is B: C. However..."" implies the final answer has been determined, and the prompt explicitly asks for the chosen option from the list (""Determine the most appropriate diagnosis""), signaling the second answer is ""C.""

Final token ""option
"" closes a parenthetical clarification (""Answer: C is the most likely...""), immediately requiring the letter ""C"" or ""B"" or ""D"" to complete the answer, likely ""B"" or ""D"" continuing the diagnostic reasoning about the chest pain mechanism.",q=2 r=None sel=0 cor=0,,0.8696137070655823,0.2607728838920593,,,,,
correct_weak_failure_case,medqa:test:000055::qwen7b::canonical::0,medqa:test:000055,qwen7b,medqa,step2&3,canonical,heuristic_v1,correct_weak,True,A,A,A,"A 17-year-old football player with no significant past medical history, social history, or family history presents to his pediatrician with itching in his groin. He says this started during summer workouts leading up to this season. He denies having any rash anywhere else on his body. The blood pressure is 123/78 mm Hg, pulse is 67/min, respiratory rate is 15/min, and temperature is 38.1°C (98.7°F). Physical examination reveals an erythematous, well-demarcated patch with peripheral scale on the left thigh, pubic region, and perineum. There is no apparent scrotal involvement with the rash. How can you confirm the suspected diagnosis?","Medical format with structured diagnostic question pattern (""A patient presents symptoms... Choose the correct answer""), implying the answer options are provided after analyzing the symptoms.

The phrase ""Based on the options given, the answer is: B. C"" signals the final answer completion, directly following the instruction ""Choose the appropriate diagnosis from the following options,"" establishing the answer format with ""A.""

Final token ""option
"" closes an incomplete answer label (""Choice: E... The answer is""), immediately requiring the letter ""A"" or ""B"" to complete the specific diagnostic choice, followed by ""A"" with supporting details about the chemical test identifying stomach or other symptoms via the mnemonic.",q=3 r=None sel=0 cor=0,,0.8659370541572571,0.2681262195110321,,,,,
correct_weak_failure_case,medqa:test:000837::qwen7b::option_shuffle::0,medqa:test:000837,qwen7b,medqa,step2&3,option_shuffle,heuristic_v1,correct_weak,True,A,D,D,"A 56-year-old woman is brought to the emergency department by her husband because of increasing confusion, generalized fatigue, and irritability for the past week. She has been unable to recall her husband's name or their address. She has had insomnia and daytime sleepiness during this period. Her last bowel movement was 3 days ago. One month ago, she underwent a transjugular intrahepatic portal shunt (TIPS) placement. She has alcoholic liver cirrhosis. Current medications include spironolactone and furosemide. She used to drink over a pint of vodka daily but quit 2 months ago. She is oriented to place and person. Her temperature is 37.3°C (99.1°F), pulse is 88/min, and blood pressure is 102/64 mm Hg. Examination shows scleral icterus and jaundice. There are several telangiectasias over the chest and back. Palmar erythema is present. The abdomen is mildly distended and nontender. Shifting dullness is present. There is a flapping tremor of both hands when outstretched and dorsiflexed. Neurologic examination shows no other focal findings. She completes the number connection test slower than the age-normalized standard. Which of the following is the most appropriate next step in management?","Medical format with structured Q&A pattern (""A patient is experiencing symptoms..."") establishes a clinical answer format requiring completion of a differential diagnosis list.

The phrase ""Given the options, the answer is: A. B. C..."" signals the answer is being selected, with ""B"" clearly chosen, implying the final answer is a treatment designation from the options.

Final token ""option
"" is mid-sentence (""The answer is: ""), directly following a question mark and the selected answer prompt, immediately requiring ""B"" or ""C"" or ""A"" to complete the answer identifier, likely followed by ""B"" with the explanation of stomach symptoms relating to the electrolyte disorder diagnosis.",q=1 r=None sel=0 cor=0,,0.8640379309654236,0.2719246447086334,,,,,
correct_weak_failure_case,medqa:test:000177::qwen7b::compact::0,medqa:test:000177,qwen7b,medqa,step2&3,compact,heuristic_v1,correct_weak,True,C,C,C,"A 55-year-old man presents to a rheumatologist with bilateral wrist and knee pain that has been present for the last 10 years. The patient was a professional athlete who retired at age 50. He also notes morning stiffness in his joints that lasts approx. 50 minutes. He denies joint swelling, color changes in his digits, dryness of mucous membranes, and constitutional symptoms such as fever and chills. On physical exam, the physician notes several non-tender nodules on the left 1st, 3rd, and 4th distal interphalangeal joints. There is also tenderness with palpation at the base of both thumbs. The patient’s knees are enlarged, bilaterally, and he has pain and crepitus on passive range of motion. Which of the following is the most likely diagnosis?","Medical format with structured Q&A pattern: ""DSM-5 options"" presents symptoms for a condition, requiring identification of the correct answer among options.

The phrase ""Given the options, the answer is: C"" signals the final answer is ""D"" (lung cancer), completing the multiple-choice format, strongly implying the answer completes the diagnosis context.

Final token ""option
"" closes an incomplete answer (""Choice: C is the answer""), immediately requiring ""D"" or ""3"" to complete the numbered answer choice, then likely ""C"" with a brief explanation like ""C"" or ""B"" or ""3"" describing the lung cancer diagnosis, confirming the correct categorization.",q=4 r=None sel=0 cor=0,,0.8635963201522827,0.27280744910240173,,,,,
correct_weak_failure_case,medqa:test:001081::qwen7b::option_shuffle::0,medqa:test:001081,qwen7b,medqa,step1,option_shuffle,heuristic_v1,correct_weak,True,A,D,D,"A 62-year-old woman comes to the physician because of a 6-month history of progressive pain and stiffness of the fingers of her right hand. The stiffness is worse at the end of the day. She recently retired after working for 28 years as a typist at a data entry firm. Physical examination shows swelling, joint-line tenderness, and decreased range of motion of the first metacarpophalangeal joint and the distal interphalangeal joints of the right hand. Discrete, hard, mildly tender nodules are palpated over the 2nd and 4th distal interphalangeal joints of the right hand. An x-ray of her right hand shows narrowing of the interphalangeal joint spaces with subchondral sclerosis and osteophytes. Which of the following is the most likely underlying mechanism of this patient's condition?","Medical format with structured answer options presented, following a pattern of symptoms and diagnosis questions for a patient with ""QRS complex.""

The phrase ""Based on the options given, the correct answer is: B"" signals the final answer, directly completing the question ""Which of the following best describes the disorder? A...,"" strongly implying the answer ""C"" with the clinical classification context.

Final token ""option
"" opens the answer ""Choice: ... The correct answer is,"" immediately requiring the digit ""C"" or ""A"" to complete the answer, likely followed by ""A"" or ""3"" — completing the mnemonic answer describing the identified condition, likely heart failure.",q=4 r=None sel=0 cor=0,,0.8620611429214478,0.275877982378006,,,,,
correct_weak_failure_case;prompt_instability,medqa:test:000511::qwen7b::compact::0,medqa:test:000511,qwen7b,medqa,step2&3,compact,heuristic_v1,correct_weak,True,A,A,A,"A 67-year-old man comes to the physician for a routine medical check-up prior to a scheduled elective femoropopliteal bypass surgery of his left leg. He feels well but reports occasional episodes of weakness and numbness in his left hand. He has a history of peripheral arterial disease, type 2 diabetes mellitus, hypertension, hypercholesterolemia, and gout. The patient has smoked 1 pack of cigarettes daily for the past 50 years. He drinks 3 cans of beer daily. His current medications include aspirin, metformin, enalapril, simvastatin, and febuxostat. His temperature is 37.3°C (99.1°F), pulse is 86/min, and blood pressure is 122/76 mm Hg. The lungs are clear to auscultation. Cardiac examination shows no murmurs, rubs, or gallops. Auscultation of the right side of the neck shows a bruit. There is a right-sided reducible inguinal hernia. Neurological examination shows no abnormalities. A complete blood count and serum concentrations of electrolytes, creatinine, and glucose are within the reference ranges. An electrocardiogram shows signs of mild left ventricular hypertrophy. An x-ray of the chest shows no abnormalities. Which of the following is the most appropriate next step in management?","Medical format with structured diagnostic questions, presenting patient symptoms to determine category and ordering options for a drug.

The answer ""Answer: B) Most likely choice is A, but excluding option C"" signals the final answer format with the numbered options, and the phrase ""Option D: Choose answer..."" implies the correct answer to the prior question about the remaining diagnostic test is now provided.

Final token ""option
"" is mid-sentence (""Answer: ""), directly completing the answer sequence ""Choice: D) The answer is..."" — immediately expects ""B"" or ""3"" or ""D"" to close the diagnostic choice, likely followed by ""B"" or ""D"" explaining the CT finding.",q=3 r=None sel=0 cor=0,,0.8619710803031921,0.27605825662612915,,,,,
correct_weak_failure_case,medqa:test:000628::qwen7b::compact::0,medqa:test:000628,qwen7b,medqa,step2&3,compact,heuristic_v1,correct_weak,True,C,C,C,"A 42-year-old man comes to the physician to establish care. He recently moved to the area and has not been to a primary care physician for over 5 years. He has no history of serious illness, but has intermittent bilateral knee pain for which he takes 650 mg acetaminophen every other day. He is married with three children and is sexually active with his wife. During the past 10 years, he has unsuccessfully tried to lose weight. He has smoked one half pack of cigarettes daily for 15 years. About 2–3 times per week he has 1–2 glasses of wine with dinner. He is 160 cm (5 ft 3 in) tall and weighs 93 kg (205 lb); BMI is 36.3 kg/m2. Vital signs are within normal limits. On abdominal examination, the liver is palpated 2 to 3 cm below the right costal margin. Laboratory studies show:
Hemoglobin 12.6 g/dL
Platelet count 360,000/mm3
Hemoglobin A1c 6.3%
Serum
Ferritin 194 ng/mL
Total bilirubin 0.7 mg/dL
Alkaline phosphatase 52 U/L
Aspartate aminotransferase 92 U/L
Alanine aminotransferase 144 U/L
Hepatitis B surface antigen Negative
Hepatitis B core IgM antibody Negative
Hepatitis B surface antibody Positive
Hepatitis C antibody Negative
Antinuclear antibody titers 1:20 (N = < 1:60)
Smooth muscle antibody titers Negative
Anti-LKM1 antibody titers Negative
Transabdominal ultrasonography shows a mildly enlarged, diffusely hyperechoic liver. Which of the following is the most likely underlying cause of these liver abnormalities?""","Medical format with structured Q&A pattern, presenting symptoms and diagnostic options for a patient with lung cancer, following a numbered list format.

The answer ""Option C: Based on the findings, the correct answer is B"" implies the final answer has been determined, with the parenthetical ""C: The most likely diagnosis"" signaling the answer to the question about which option excludes the others.

Final token ""option
"" closes an incomplete answer (""Answer: option 3: ""), directly requiring the specific numeric answer digit, likely ""B"" or ""3"" or ""C"" to complete the diagnostic interpretation, likely ""B"" referencing the statistical analysis finding of cardiac toxicity.",q=2 r=None sel=0 cor=0,,0.8619623780250549,0.27607545256614685,,,,,
correct_weak_failure_case,medqa:test:000869::qwen7b::compact::0,medqa:test:000869,qwen7b,medqa,step1,compact,heuristic_v1,correct_weak,True,A,A,A,"In a small town with a population of 10,000 people, the prevalence of alcohol use is estimated to be 30%. A study is done with a null hypothesis that there is no association between alcohol use and gastro-oesophageal reflux disease (GERD). The data obtained shows, of the 200 alcoholics who were followed-up, 30 developed GERD; and out of the 400 non-alcoholics, 30 developed GERD. What fraction of GERD can be prevented in the general population if alcohol is no longer consumed in this town?","Structured math problem format with logical steps showing calculations to determine the mode of a data set, with ""A"" and ""B"" options evaluated against given conditions.

The phrase ""To solve: 9, 4, 1, 7, 8; Choose the correct answer. Answer: "" signals a final answer box with a numeric result, implying the solution is determined.

Final token ""option\n"" closes the answer prompt (""Choice: Option C is...""), immediately expecting the letter ""A"" or ""3"" to complete the answer selection, likely followed by ""A"" or ""4"" — completing the concluding summary statement about the computed mode result.",q=2 r=None sel=0 cor=0,,0.8617568016052246,0.2764866352081299,,,,,
correct_weak_failure_case,medqa:test:000804::qwen7b::compact::0,medqa:test:000804,qwen7b,medqa,step2&3,compact,heuristic_v1,correct_weak,True,A,A,A,"A 45-year-old man presents to the emergency department with weakness. He states that it started yesterday and has been progressively worsening. Initially, he noticed blurry vision and some trouble speaking and swallowing but thought he was just coming down with a cold. He then noticed weakness of his facial muscles and shortness of breath. The patient works as a farmer and harvests and cans his own foods. He has had diarrhea recently and a cough prior to these symptoms of weakness. His temperature is 97.9°F (36.6°C), blood pressure is 144/94 mmHg, pulse is 87/min, respirations are 18/min, and oxygen saturation is 94% on room air. Physical exam is notable for a man who seems unable to smile with dysarthric speech. He takes shallow and weak breaths on pulmonary exam. The patient demonstrates 3/5 strength with diminished reflexes in his upper extremities. The patient is subsequently intubated. Which of the following is the best treatment for this patient?","Medical format with structured answer pattern: clinical question format with symptoms describing a condition, implying a multiple-choice answer is expected from the options ""B,"" ""C,"" ""D,"" ""E.""

The phrase ""Given the symptoms, the answer is: option C... but the correct answer"" signals the answer key, directly referencing the chemical context of toxin identification with the acronym ""A.""

Final token ""option
"" opens the answer choice identifier mid-sentence (""Answer: Option ""), immediately requiring the letter ""A"" or ""C"" to complete the selected answer, likely followed by ""A"" or ""D"" with the explanation continuing about the toxicology scenario requiring a specific treatment code.",q=2 r=None sel=0 cor=0,,0.8593183755874634,0.2813638746738434,,,,,
correct_weak_failure_case,medqa:test:000360::qwen7b::compact::0,medqa:test:000360,qwen7b,medqa,step2&3,compact,heuristic_v1,correct_weak,True,A,A,A,"A 6-month-old boy presents to his pediatrician for a wellness examination. The mother reports that her child has difficulty rolling from his back to his front and sitting unsupported. The patient is able to smile and furrow his brow normally, but she has noticed that he has a weak cry and suck. He was born at 38 weeks gestation via a spontaneous vaginal delivery without any complications. The mother said that the patient appeared ""normal"" until the past few weeks. On physical exam, his extraocular muscle movements are intact, and a symmetric smile is seen. He has symmetric flaccid weakness of both his upper and lower extremities. He also has a bell-shaped chest. Deep tendon reflexes are diminished. Which of the following is the most likely cause of this patient's symptoms?","Medical format with structured question pattern (""Identify the correct answer for the following symptoms"") indicates an answer for a diagnostic scenario about a patient's symptoms.

The answer ""Options: B is the most likely answer"" signals the abbreviation format ""C"" is being completed, with ""D: A, B, C"" implying the answer to the medical classification question about the nerve disorder.

Final token ""option
"" is mid-answer (""Answer: Option: ""), directly continuing the numbered list structure and immediately expecting ""A"" or ""D"" to close the answer choice, likely ""A"" completing the medical reasoning explanation about the selected nerve type from the options listed.",q=4 r=None sel=0 cor=0,,0.858455240726471,0.28308942914009094,,,,,
correct_weak_failure_case,medqa:test:000949::qwen7b::canonical::0,medqa:test:000949,qwen7b,medqa,step1,canonical,heuristic_v1,correct_weak,True,A,A,A,A 61-year-old man comes to the emergency department because of a 2-day history of a productive cough and worsening shortness of breath. He has had frequent episodes of a productive cough over the past 3 years. He had smoked 2 packs of cigarettes daily for 30 years but quit 1 year ago. He appears distressed. Pulse oximetry on room air shows an oxygen saturation of 91%. Chest auscultation reveals diffuse wheezes and coarse crackles. A chest x-ray shows increased lung lucency bilaterally and flattening of the diaphragm. Which of the following is the most appropriate initial pharmacotherapy?,"Medical format with structured question format (""Q&A""), presenting symptoms for a patient with a specific diagnosis, requiring a categorical answer.

The phrase ""Given the options: A. C, B. D, C. E... The answer is:"" signals the answer is being revealed, directly implying the selection among options specifying the drug regimen pattern, completing the mnemonic answer.

Final token ""option 
"" opens the answer choice ""Answer: "" block, directly following ""The answer is: "" — immediately expects ""A"" or ""C"" or ""B"" or ""A"" with the mnemonic structure completing the final answer, likely ""B"" or ""A"" describing the combined diagnosis.",q=1 r=None sel=0 cor=0,,0.8578605651855469,0.2842790484428406,,,,,
correct_weak_failure_case,medqa:test:000840::qwen7b::option_shuffle::0,medqa:test:000840,qwen7b,medqa,step1,option_shuffle,heuristic_v1,correct_weak,True,A,D,D,"Candida is injected into the skin of a 38-year-old female patient. Forty-eight hours later, there is a 14 mm raised, slightly hardened area at the injection site. What type of hypersensitivity reaction has occurred and what cell type plays a role?","Structured answer format with numbered questions and a chemical answer pattern: ""Identify the correct answer for the following compound"" leads to a formatted answer.

The phrase ""Given the test: The correct answer is B"" explicitly signals the answer to the identification question, directly promising the letter ""A"" from the options listed (""C"", ""B""), completing the chemical answer format.

Final token ""option\n"" ends mid-sentence (""Answer: Option: ""), directly following the prompt ""Answer: A is the correct choice"" — immediately expects ""B"" or ""A"" or ""2"" to complete the answer, likely followed by ""B"" confirming the chemical term ""ACh.""",q=0 r=None sel=0 cor=0,,0.8574461340904236,0.28510817885398865,,,,,
correct_weak_failure_case,medqa:test:001265::qwen7b::compact::0,medqa:test:001265,qwen7b,medqa,step1,compact,heuristic_v1,correct_weak,True,B,B,B,"A 74-year-old woman with a history of hypertension, hyperlipidemia, and type 2 diabetes mellitus is brought to her primary care doctor by her son who is concerned about the patient's ability to manage her activities of daily living. She has been living alone since her husband passed away 2 years ago. She has remained an active member of her retirement community's wine club; however, she stopped attending the meetings 3 weeks ago. She is generally able to her maintain her house, but her house appears more disorganized over the past 2 weeks. She generally drives short distances but avoids driving long distances as she occasionally gets lost when navigating new areas. She feels like her balance is getting worse, but she has not fallen. She has noticed increased urinary urgency over the past 8 months and has had 2 episodes of incontinence. Despite these changes, she reports feeling well. She drinks 4-6 glasses of wine per day. She was started on multiple medications for worsening anxiety by her psychiatrist 1 month ago. Her BMI is 31 kg/m^2. Her temperature is 99.8°F (37.7°C), blood pressure is 115/65 mmHg, pulse is 95/min, and respirations are 17/min. On examination, she is oriented to person and time but not place or situation. She does not seem to recognize her doctor despite knowing him for many years. She becomes somnolent intermittently throughout the interview. She can recall 0/3 words after 5 minutes. She has a low-frequency tremor in her right arm that increases in severity with deliberate movement. Which of the following is the most likely diagnosis in this patient?","Medical format with structured answer pattern: a clinical question format with options listing symptoms for chronic illness, then a diagnosis chosen.

The phrase ""Given the following symptoms, the correct answer is: B. MDD"" signals a concluding answer, with ""B. CUD"" being the final option, directly implying the second question asks for the appropriate DSM diagnosis code, completing the ""Not C"" answer.

Final token ""option
"" is mid-sentence (""Answer: ""), directly following ""The answer is: "" — the expected continuation is ""B"" or ""C"" to complete the DSM designation, likely ""B"" or ""2"" completing the diagnostic question.",q=3 r=None sel=0 cor=0,,0.8570290207862854,0.28594204783439636,,,,,
correct_weak_failure_case,medqa:test:001208::qwen7b::option_shuffle::0,medqa:test:001208,qwen7b,medqa,step1,option_shuffle,heuristic_v1,correct_weak,True,A,D,D,Which of the following patient presentations seen in a pediatric immunology clinic is most consistent with a diagnosis of Bruton's agammaglobulinemia?,"Structured medical question format with numbered options presented, establishing a diagnostic scenario requiring identification of a chemical name based on symptoms.

The phrase ""Thus, the answer to the above question is: The correct answer is..."" signals the final answer, directly completing the answer choices pattern, strongly implying ""A"" or ""B"" from the options list ""A. C, B. D.""

Final token ""answer\n"" closes a parenthetical aside (""Answer: Option A""), immediately expecting the letter ""A"" or ""B"" to complete the answer designation, likely followed by ""A"" or ""B"" continuing the numbered diagnostic answer, completing the logical conclusion of ""The correct diagnosis is.""",q=1 r=None sel=0 cor=0,,0.8568925857543945,0.2862149775028229,,,,,
correct_weak_failure_case,medqa:test:000968::qwen7b::canonical::0,medqa:test:000968,qwen7b,medqa,step1,canonical,heuristic_v1,correct_weak,True,A,A,A,"A 46-year-old man comes to the physician with a 1-week history of yellowish discoloration of his eyes, generalized fatigue, and pruritus. He was diagnosed with ulcerative colitis 7 years ago. At the time of diagnosis, a pANCA test was also positive. Physical examination shows scleral icterus and multiple scratch marks on the trunk and extremities. Abdominal examination is unremarkable. Serum studies show a total bilirubin concentration of 3.2 mg/dL, direct bilirubin concentration of 2.5 mg/dL, and alkaline phosphatase level of 450 U/L. Magnetic resonance cholangiopancreatography shows focal areas of intrahepatic bile duct strictures alternating with areas of dilation. Histologic examination of a liver biopsy specimen is most likely to show which of the following findings?","Medical format with structured answer format (""Q&A format"") presenting symptoms and diagnosis for a patient with a specific condition, implying a conclusion with the correct answer from options.

The phrase ""Given the options, the answer is: C. ... The correct answer is"" signals the final answer, strongly expecting ""B"" to complete the identified stool pattern answer about the ACAD2 disorder.

Final token ""option
"" is mid-sentence (""Answer: ""), directly following ""Choice: C."" — immediately expects the letter B or ""A"" continuing the numbered options list, then likely ""B"" with the diagnostic description detailing the ACAD2 disorder's characteristics and findings.",q=4 r=None sel=0 cor=0,,0.8560240268707275,0.28795263171195984,,,,,
correct_weak_failure_case,medqa:test:001196::qwen7b::option_shuffle::0,medqa:test:001196,qwen7b,medqa,step2&3,option_shuffle,heuristic_v1,correct_weak,True,D,C,C,"A 22-year-old woman comes to the physician for the evaluation of irregular menstrual bleeding. Menses have occurred at 45- to 90-day intervals since menarche at the age of 15 years. Her last menstrual period was 5 weeks ago. The patient reports that she was too embarrassed to discuss this issue with anyone until now. Over the past two years, she was unable to become pregnant despite having unprotected sexual intercourse with her husband on a regular basis. There is no personal or family history of serious illness. She is 170 cm (5 ft 7 in) tall and weighs 85 kg (187 lb); BMI is 29.4 kg/m2. Her vital signs are within normal limits. Examination shows oily skin and severe facial acne. There is abnormal pigmented hair on the upper lip and around both nipples. The patient wishes to have children. In addition to recommending lifestyle modifications, which of the following is the most appropriate step in management?","Medical format with structured question prompt format, presenting symptoms and diagnosis options for a patient scenario, following a Q&A pattern.

The phrase ""Given the options: A. M, B. N, C. O... The correct answer is"" signals the answer is being revealed, strongly implying the final selection from the options, likely ""C"" or ""D"" given the context of stomach cancer diagnosis.

Final token ""option
"" closes an incomplete answer clause (""Answer: Option E...""), immediately requiring the letter ""D"" or ""C"" followed by a concluding explanation like ""D"" or ""B"" explaining the clinical reasoning or physiological assessment.",q=2 r=None sel=0 cor=0,,0.8552871942520142,0.2894258499145508,,,,,
correct_weak_failure_case,medqa:test:000443::qwen7b::compact::0,medqa:test:000443,qwen7b,medqa,step2&3,compact,heuristic_v1,correct_weak,True,B,B,B,"A 65-year-old woman presents to a physician with painful ankles for 2 days. Her symptoms began 1 week ago with a severe fever (40℃ (104℉)) for 3 days. When the fever subsided, she developed a maculopapular rash over the trunk and extremities with painful wrists and fingers. She also reports abdominal pain, nausea, vomiting, and headaches. Last week she returned from a trip to Africa where she spent several weeks, mostly in rural areas. Her temperature is 37.5℃ (99.5℉); pulse is 75/min; respiratory rate is 13/min, and blood pressure is 115/70 mm Hg. A maculopapular rash is observed over the trunk and limbs. Both ankles are swollen and painful to active and passive motion. The abdomen is soft without organomegaly. Laboratory studies show the following:
Laboratory test
Hemoglobin 11.4 g/d
Mean corpuscular volume 90 µm3
Leukocyte count 4,500/mm3
Segmented neutrophils 70%
Lymphocytes 15%
Platelet count 250,000/mm3
Ring-form trophozoites are absent on the peripheral blood smear. Which of the following organisms is the most likely cause of this patient’s illness?","Medical format with structured answer format (""Q&A"") presenting symptoms of a bacterial infection, establishing a diagnostic context with options listed.

The phrase ""Given the answer options, the correct choice is: Bacterial pneumonia diagnosis..."" signals the final answer is B, completing the identification of the chosen option from the list (""C. B, D. C""), implying the answer about the other condition.

Final token ""option
"" is mid-sentence (""Answer: ""), directly following the question mark prompt structure ""Choice: B is the correct answer,"" strongly expecting ""D"" or ""B"" or ""C"" to complete the identified answer, likely concluding with ""D. SARS.""",q=3 r=None sel=0 cor=0,,0.8550297617912292,0.2899412214756012,,,,,
correct_weak_failure_case;prompt_instability,medqa:test:000924::qwen7b::canonical::0,medqa:test:000924,qwen7b,medqa,step2&3,canonical,heuristic_v1,correct_weak,True,A,A,A,"A 58-year-old woman comes to the physician because of a 3-month history of left knee pain as well as stiffness upon waking for about 10–15 minutes. The pain is worse after standing a lot at work and when she climbs stairs. There is no history of trauma. She has hypercholesterolemia and hypertension. Her mother died of metastatic breast cancer 15 years ago, at the age of 65 years. She does not smoke or drink alcohol. Current medications include atorvastatin, labetalol, and aspirin. Over the past 2 months, she has been taking over-the-counter ibuprofen as needed for the joint pain. She is 163 cm (5 ft 4 in) tall and weighs 84 kg (185 lb); BMI is 31.8 kg/m2. Her temperature is 37°C (98.6°F), pulse is 88/min, and blood pressure is 114/68 mm Hg. Examination of the left knee shows tenderness on palpation of the anteromedial joint line; there is crepitus and pain with full flexion and extension. Serum uric acid concentration is 8.0 mg/dL and erythrocyte sedimentation rate is 15 mm/h. Which of the following is the most likely finding on imaging of the left knee?","Medical format with structured clinical question pattern (""Q: A patient with symptoms..."") expects an answer identifying the correct diagnostic option from a list of options.

The phrase ""Given the symptoms, the answer is B: C, D... The correct answer is"" signals the final answer is being completed, immediately requiring the letter ""A"" or ""B"" corresponding to the diagnostic category.

Final token ""option
"" closes a parenthetical answer prompt (""Choice: Answer: ...""), directly following the results clause ""The answer is most likely: C,"" strongly expecting ""A"" or ""B"" or ""C"" or ""D"" continuing the numbered neurological diagnosis sequence.",q=2 r=None sel=0 cor=0,,0.8546434044837952,0.29071375727653503,,,,,
correct_weak_failure_case;prompt_instability,medqa:test:000924::qwen7b::canonical::0,medqa:test:000924,qwen7b,medqa,step2&3,canonical,medgemma_judge_v1,correct_weak,True,A,A,A,"A 58-year-old woman comes to the physician because of a 3-month history of left knee pain as well as stiffness upon waking for about 10–15 minutes. The pain is worse after standing a lot at work and when she climbs stairs. There is no history of trauma. She has hypercholesterolemia and hypertension. Her mother died of metastatic breast cancer 15 years ago, at the age of 65 years. She does not smoke or drink alcohol. Current medications include atorvastatin, labetalol, and aspirin. Over the past 2 months, she has been taking over-the-counter ibuprofen as needed for the joint pain. She is 163 cm (5 ft 4 in) tall and weighs 84 kg (185 lb); BMI is 31.8 kg/m2. Her temperature is 37°C (98.6°F), pulse is 88/min, and blood pressure is 114/68 mm Hg. Examination of the left knee shows tenderness on palpation of the anteromedial joint line; there is crepitus and pain with full flexion and extension. Serum uric acid concentration is 8.0 mg/dL and erythrocyte sedimentation rate is 15 mm/h. Which of the following is the most likely finding on imaging of the left knee?","Medical format with structured clinical question pattern (""Q: A patient with symptoms..."") expects an answer identifying the correct diagnostic option from a list of options.

The phrase ""Given the symptoms, the answer is B: C, D... The correct answer is"" signals the final answer is being completed, immediately requiring the letter ""A"" or ""B"" corresponding to the diagnostic category.

Final token ""option
"" closes a parenthetical answer prompt (""Choice: Answer: ...""), directly following the results clause ""The answer is most likely: C,"" strongly expecting ""A"" or ""B"" or ""C"" or ""D"" continuing the numbered neurological diagnosis sequence.","judge_parse_error: ```json
{
  ""medical_relevance"": 1,
  ""rationale_alignment"": 1,
  ""answer_support"": ""supports_selected"",
  ""medically_in",,0.8546434044837952,0.29071375727653503,,,,,
correct_weak_failure_case,medqa:test:000682::qwen7b::compact::0,medqa:test:000682,qwen7b,medqa,step2&3,compact,heuristic_v1,correct_weak,True,D,D,D,"A 22-year-old woman with a history of asthma visits her physician for worsening shortness of breath. She states that she feels as though her “lungs are falling apart,” noting that her lung function has been steadily deteriorating. She further states that she has visited a number of other physicians who prescribed several different types of inhalers, but she feels that they have not helped her control her asthma exacerbations. She has experienced 4 episodes of pneumonia in the last 3 years and often suffers from “random” bouts of excessive coughing and wheezing. When asked if her coughing episodes produce sputum, she states, “Yes, the stuff is greenish with specks of red in it.” She also states that her coughing and wheezing episodes are associated with fever, malaise, and occasional expectoration of brown mucous plugs. The vital signs include: blood pressure 122/70 mm Hg, pulse 66/min, respiratory rate 26/min, and temperature 37.0°C (98.6°F). On physical exam, the patient appears frail-looking and in moderate respiratory distress. Auscultation reveals inspiratory crackles in the right lung base and coarse breath sounds in the bilateral upper lung lobes. Chest radiograph, as shown below, reveals atelectasis in the right lung base. There are also branched radiodensities that the radiologist notes as being “glove-finger shadows” (noted by the arrow in the image). Serum immunoglobulin E (IgE) levels are elevated. Which of the following is the most appropriate therapy in this patient?","Medical format with structured question pattern (""A patient with symptoms..."") presenting diagnostic options, requiring a final answer from the list of choices.

The phrase ""Given the options, the answer is: C. Cancer"" signals the answer is completing the specific diagnostic context, with ""D"" being the correct choice, implying a third answer already was implied and now the final character is revealed.

Final token ""option
"" closes a bracketed answer format (""Answer: Option : ""), immediately expecting ""D"" or ""C"" or ""3"" to complete the final diagnostic choice, likely ""C"" or ""B"" given the context of the medical clue about poison, inflammation, or cancer.",q=1 r=None sel=0 cor=0,,0.8538612127304077,0.2922773063182831,,,,,
correct_weak_failure_case,medqa:test:001132::qwen7b::option_shuffle::0,medqa:test:001132,qwen7b,medqa,step1,option_shuffle,heuristic_v1,correct_weak,True,A,D,D,"A 68-year-old woman presents with an intermittent throbbing headache with an onset approximately 3 weeks ago. The pain is bilateral, “band-like,” and extends to the neck. The patient rates the 4 points out of 10 on a visual scale. The headache is not accompanied by nausea, vomiting, photophobia, or phonophobia, and is not aggravated by movements, but gets worse when the patient coughs or laughs. The headache has persisted throughout the day and is usually worse in the morning an hour after she has breakfast and taken her medications. The patient was diagnosed with stage 1 arterial hypertension 2 years ago and stable angina pectoris 3 weeks ago. Currently, she takes aspirin (81 mg once daily), rosuvastatin (10 mg once daily), lisinopril (20 mg once daily), and isosorbide mononitrate (60 mg once daily). She has been menopausal for the last 15 years. In addition to her chief complaint, she also notes that she had a runny nose with a temperature elevation approximately 3 weeks ago, and her headache was linked to that acute illness. The vital signs are as follows: blood pressure 135/80 mm Hg, heart rate 76/min, respiratory rate 14/min, and temperature 36.5℃ (97.7℉). The physical examination reveals S2 accentuation that is best heard in the second intercostal space at the right sternal border. Palpation of the paranasal sinuses is painless. The neurologic exam shows no focal symptoms, no pain on palpation of the trigeminal points, and no meningeal symptoms. What is the most likely mechanism underlying the patient’s headaches?","Medical format with structured answer format (""Q&A"" pattern) addressing a diagnostic scenario, presenting symptoms of the condition before arriving at a conclusion.

The phrase ""Based on the findings, the answer to this question is: B"" signals the final answer option, with the prompt explicitly recommending the third choice ""D,"" implying the diagnostic answer is likely ""D"" or similar.

Final token ""option
"" closes a parenthetical statement (""Answer: Option 3...""), immediately requiring the answer choice letter or number, likely ""D"" or ""B"" or ""A"" to complete the concluding diagnostic recommendation, likely followed by ""B"" with an explanation of the patient's physiological context.",q=3 r=None sel=0 cor=0,,0.8538191914558411,0.2923617362976074,,,,,
correct_weak_failure_case,medqa:test:000968::qwen7b::compact::0,medqa:test:000968,qwen7b,medqa,step1,compact,heuristic_v1,correct_weak,True,A,A,A,"A 46-year-old man comes to the physician with a 1-week history of yellowish discoloration of his eyes, generalized fatigue, and pruritus. He was diagnosed with ulcerative colitis 7 years ago. At the time of diagnosis, a pANCA test was also positive. Physical examination shows scleral icterus and multiple scratch marks on the trunk and extremities. Abdominal examination is unremarkable. Serum studies show a total bilirubin concentration of 3.2 mg/dL, direct bilirubin concentration of 2.5 mg/dL, and alkaline phosphatase level of 450 U/L. Magnetic resonance cholangiopancreatography shows focal areas of intrahepatic bile duct strictures alternating with areas of dilation. Histologic examination of a liver biopsy specimen is most likely to show which of the following findings?","Medical format with structured symptoms listing and diagnostic question pattern, indicating a Q&A format with ""Answer"" section resolving the given options.

The phrase ""Given the options, the correct answer is: B. C"" signals the conclusion of the answer, implying the final answer is option ""D,"" completing the mnemonic ""A, B, C..."" with the specific medical diagnosis context.

Final token ""option
"" ends an incomplete answer (""Answer: ""D""), directly requiring the numeric answer letter ""D"" or ""C"" followed by ""A"" or ""D"" to close the diagnostic conclusion, likely continuing with ""D"" or ""A"" describing the pathological findings from the diagram.",q=3 r=None sel=0 cor=0,,0.8532170057296753,0.2935671806335449,,,,,
correct_weak_failure_case;prompt_instability,medqa:test:000321::qwen7b::canonical::0,medqa:test:000321,qwen7b,medqa,step2&3,canonical,heuristic_v1,correct_weak,True,A,A,A,"A 55-year-old man recovering from knee replacement surgery complains of breathlessness in the postoperative ward. He has been confined to bed for the past 5 days and is under observation. He felt a sudden difficulty in breathing and called for the ward nurse. He says that he is unable to take deep breaths and has a sharp pain on the right side of his chest with each inspiration. His temperature is 37.5°C (99.8°F), the pulse is 111/min, the respirations are 31/min, and the blood pressure is 85/55 mm Hg. He experiences pain in his right calf on dorsiflexion. There are no other prominent findings on physical examination. His chest X-ray does not show anything significant. The ECG reveals sinus tachycardia. Which of the following is the best course of management at this time?","Medical format with structured clinical questions following a prompt pattern, establishing diagnostic context for a patient with respiratory symptoms.

The phrase ""Given the options: A, B, C, D... The correct answer is:"" signals the answer is being completed, and the logical conclusion is the final answer choice pointing to the poison category with the most immediate concern — likely ""D.""

Final token ""option
"" is mid-sentence (""Answer: Option E""), completing a numbered answer prompt structure (""Choice: The most likely diagnosis is: E""), strongly expecting ""D"" or ""C"" or ""B"" to close the answer, likely followed by ""D"" with supporting reasoning about toxicology.",q=1 r=None sel=0 cor=0,,0.8529589176177979,0.2940821051597595,,,,,
correct_weak_failure_case;prompt_instability,medqa:test:000321::qwen7b::canonical::0,medqa:test:000321,qwen7b,medqa,step2&3,canonical,medgemma_judge_v1,correct_weak,True,A,A,A,"A 55-year-old man recovering from knee replacement surgery complains of breathlessness in the postoperative ward. He has been confined to bed for the past 5 days and is under observation. He felt a sudden difficulty in breathing and called for the ward nurse. He says that he is unable to take deep breaths and has a sharp pain on the right side of his chest with each inspiration. His temperature is 37.5°C (99.8°F), the pulse is 111/min, the respirations are 31/min, and the blood pressure is 85/55 mm Hg. He experiences pain in his right calf on dorsiflexion. There are no other prominent findings on physical examination. His chest X-ray does not show anything significant. The ECG reveals sinus tachycardia. Which of the following is the best course of management at this time?","Medical format with structured clinical questions following a prompt pattern, establishing diagnostic context for a patient with respiratory symptoms.

The phrase ""Given the options: A, B, C, D... The correct answer is:"" signals the answer is being completed, and the logical conclusion is the final answer choice pointing to the poison category with the most immediate concern — likely ""D.""

Final token ""option
"" is mid-sentence (""Answer: Option E""), completing a numbered answer prompt structure (""Choice: The most likely diagnosis is: E""), strongly expecting ""D"" or ""C"" or ""B"" to close the answer, likely followed by ""D"" with supporting reasoning about toxicology.","judge_parse_error: ```json
{
  ""medical_relevance"": 1,
  ""rationale_alignment"": 1,
  ""answer_support"": ""supports_selected"",
  ""medically_in",,0.8529589176177979,0.2940821051597595,,,,,
correct_weak_failure_case,medqa:test:001272::qwen7b::canonical::0,medqa:test:001272,qwen7b,medqa,step1,canonical,heuristic_v1,correct_weak,True,C,C,C,"A 79-year-old man presents to the office due to shortness of breath with moderate exertion and a slightly productive cough. He has a medical history of 25 years of heavy smoking. His vitals include: heart rate 89/min, respiratory rate 27/min, and blood pressure 120/90 mm Hg. The physical exam shows increased resonance to percussion, decreased breath sounds, and crackles at the lung base. Chest radiography shows signs of pulmonary hyperinflation. Spirometry shows a forced expiratory volume in the first second (FEV1) of 48%, a forced vital capacity (FVC) of 85%, and an FEV1/FVC ratio of 56%. According to these results, what is the most likely diagnosis?","Medical format with structured question format (""Q: A patient with the following symptoms is diagnosed..."") requiring the answer to identify the correct choice among options.

The pattern ""The answer to this question is: B"" signals the final answer is being delivered, completing the diagnostic question with the correct classification ""D"" for the condition, implying the answer is ""C.""

Final token ""option
"" closes the question ""Answer: C"" and is part of the answer section structure (""The correct answer is: ""), immediately expecting ""C"" or ""D"" or ""3"" to complete the diagnostic label, likely followed by ""D"" with the explanation ""The answer is a.""",q=2 r=None sel=0 cor=0,,0.852867603302002,0.2942652106285095,,,,,
correct_weak_failure_case,medqa:test:000535::qwen7b::canonical::0,medqa:test:000535,qwen7b,medqa,step2&3,canonical,heuristic_v1,correct_weak,True,C,C,C,"Please refer to the summary above to answer this question
A medical student is examining the table in the abstract. She notices that the standard error surrounding measurements in the pulmharkimab 150 mg/day group is generally greater than the standard errors for the placebo and pulmharkimab 75 mg/day groups. Which of the following statements is the best explanation for the increased standard error in the pulmharkimab 150 mg/day group?""
""Impact of pulmharkimab on asthma control and cardiovascular disease progression in patients with coronary artery disease and comorbid asthma
Introduction:
Active asthma has been found to be associated with a more than two-fold increase in the risk of myocardial infarction, even after adjusting for cardiovascular risk factors. It has been suggested that the inflammatory mediators and accelerated atherosclerosis characterizing systemic inflammation may increase the risk of both asthma and cardiovascular disease. This study evaluated the efficacy of the novel IL-1 inhibitor pulmharkimab in improving asthma and cardiovascular disease progression.
Methods:
In this double-blind, randomized controlled trial, patients (N=1200) with a history of coronary artery disease, myocardial infarction in the past 2 years, and a diagnosis of comorbid adult-onset asthma were recruited from cardiology clinics at a large academic medical center in Philadelphia, PA. Patients who were immunocompromised or had a history of recurrent infections were excluded.
Patients were subsequently randomly assigned a 12-month course of pulmharkimab 75 mg/day, pulmharkimab 150 mg/day, or a placebo, with each group containing 400 participants. All participants were included in analysis and analyzed in the groups to which they were randomized regardless of medication adherence. Variables measured included plaque volume, serum LDL-C levels, FEV1/FVC ratio, and Asthma Control Questionnaire (ACQ) scores, which quantified the severity of asthma symptoms. Plaque volume was determined by ultrasound.
Analyses were performed from baseline to month 12.
Results:
At baseline, participants in the two groups did not differ by age, gender, race, plaque volume, serum LDL-C levels, FEV1/FVC ratio, and ACQ scores (p > 0.05 for all). A total of 215 participants (18%) were lost to follow-up. At 12-month follow-up, the groups contained the following numbers of participants:
Pulmharkimab 75 mg/d: 388 participants
Pulmharkimab 150 mg/d: 202 participants
Placebo: 395 participants
Table 1: Association between pulmharkimab and both pulmonary and cardiovascular outcomes. Models were adjusted for sociodemographic variables and medical comorbidities. All outcome variables were approximately normally distributed.
Pulmharkimab 75 mg/d, (Mean +/- 2 SE) Pulmharkimab 150 mg/d, (Mean +/- 2 SE) Placebo, (Mean +/- 2 SE) P-value
Plaque volume (mm3), change from baseline 6.6 ± 2.8 1.2 ± 4.7 15.8 ± 2.9 < 0.01
LDL-C levels, change from baseline -9.4 ± 3.6 -11.2 ± 14.3 -8.4 ± 3.9 0.28
FEV1/FVC ratio, change from baseline 0.29 ± 2.21 0.34 ± 5.54 -0.22 ± 3.21 0.27
ACQ scores, change from baseline 0.31 ± 1.22 0.46 ± 3.25 0.12 ± 1.33 0.43
Conclusion:
Pulmharkimab may be effective in reducing plaque volume but does not lead to improved asthma control in patients with a history of myocardial infarction and comorbid asthma.
Source of funding: Southeast Institute for Advanced Lung and Cardiovascular Studies, American Center for Advancement of Cardiovascular Health""","Structured answer format with numbered options and reasoning, following a chemistry exam format with the question ""Which of the following best explains the behavior?"" requiring the correct answer.

The phrase ""Based on the options, my answer is: B"" signals the final answer is being presented, now completing the logical explanation with the third option (""C. The graph shows..."").

Final token ""option
"" opens the answer choice ""My answer is:"" — immediately expects ""C"" or ""B"" to close the answer, then likely ""3"" or ""C"" continuing the reasoning about the graph's behavior, completing the selected explanation with the remaining option's negative characteristics.",q=5 r=None sel=0 cor=0,,0.852763831615448,0.29447275400161743,,,,,
correct_weak_failure_case,medqa:test:000360::qwen7b::canonical::0,medqa:test:000360,qwen7b,medqa,step2&3,canonical,heuristic_v1,correct_weak,True,A,A,A,"A 6-month-old boy presents to his pediatrician for a wellness examination. The mother reports that her child has difficulty rolling from his back to his front and sitting unsupported. The patient is able to smile and furrow his brow normally, but she has noticed that he has a weak cry and suck. He was born at 38 weeks gestation via a spontaneous vaginal delivery without any complications. The mother said that the patient appeared ""normal"" until the past few weeks. On physical exam, his extraocular muscle movements are intact, and a symmetric smile is seen. He has symmetric flaccid weakness of both his upper and lower extremities. He also has a bell-shaped chest. Deep tendon reflexes are diminished. Which of the following is the most likely cause of this patient's symptoms?","Medical format with structured question and answer pattern, presenting diagnostic options for a patient scenario using ""GI symptoms"" context.

The phrase ""Given the options, choose the correct answer: A. C, B, D..."" signals the answer is being revealed, directly completing the mnemonic answer format with ""The correct answer is B,"" implying the final answer involves the identified options from the listed disorders.

Final token ""option
"" is mid-sentence (""Answer: Option...""), directly continuing the answer prompt structure ""The correct choice is:"" — immediately expected is ""B"" or ""A"" or ""1"" to complete the answer with the identified neurology diagnosis of ""A,"" the neurotransmitter.",q=2 r=None sel=0 cor=0,,0.8526836037635803,0.2946331202983856,,,,,
correct_weak_failure_case,medqa:test:000133::qwen7b::compact::0,medqa:test:000133,qwen7b,medqa,step2&3,compact,heuristic_v1,correct_weak,True,B,B,B,"A 67-year-old man presents to his primary care physician for erectile dysfunction. He states that for the past month he has been unable to engage in sexual intercourse with his wife despite having appropriate sexual desire. He also endorses deep and burning buttock and hip pain when walking, which is relieved by rest. The patient states that he does not have erections at night or in the morning. His past medical history is notable for diabetes, coronary artery disease, and hypertension, and he has a 40 pack-year smoking history. Physical exam is notable for weak lower extremity and femoral pulses. Which of the following is the most specific etiology of this patient’s symptoms?","Medical format with structured question-answer pattern using options, defining symptoms of a condition and determining the correct answer.

The phrase ""Given the options, the answer is: B. A..."" signals a concluding answer with ""D"" chosen, directly implying the final answer to the multiple-choice question about stomach cancer mechanisms is ""C,"" completing the ""Eliminate the other options"" clause.

Final token ""option
"" is mid-sentence (""Answer: ""), directly following the posed answer ""The answer is: "" structure, strongly expecting ""B"" or ""C"" to complete the chemical answer, likely ""B"" with the explanation clause ""D"" describing the chosen mechanism of the chemical.",q=3 r=None sel=0 cor=0,,0.8521325588226318,0.2957353889942169,,,,,
correct_weak_failure_case,medqa:test:001132::qwen7b::compact::0,medqa:test:001132,qwen7b,medqa,step1,compact,heuristic_v1,correct_weak,True,D,D,D,"A 68-year-old woman presents with an intermittent throbbing headache with an onset approximately 3 weeks ago. The pain is bilateral, “band-like,” and extends to the neck. The patient rates the 4 points out of 10 on a visual scale. The headache is not accompanied by nausea, vomiting, photophobia, or phonophobia, and is not aggravated by movements, but gets worse when the patient coughs or laughs. The headache has persisted throughout the day and is usually worse in the morning an hour after she has breakfast and taken her medications. The patient was diagnosed with stage 1 arterial hypertension 2 years ago and stable angina pectoris 3 weeks ago. Currently, she takes aspirin (81 mg once daily), rosuvastatin (10 mg once daily), lisinopril (20 mg once daily), and isosorbide mononitrate (60 mg once daily). She has been menopausal for the last 15 years. In addition to her chief complaint, she also notes that she had a runny nose with a temperature elevation approximately 3 weeks ago, and her headache was linked to that acute illness. The vital signs are as follows: blood pressure 135/80 mm Hg, heart rate 76/min, respiratory rate 14/min, and temperature 36.5℃ (97.7℉). The physical examination reveals S2 accentuation that is best heard in the second intercostal space at the right sternal border. Palpation of the paranasal sinuses is painless. The neurologic exam shows no focal symptoms, no pain on palpation of the trigeminal points, and no meningeal symptoms. What is the most likely mechanism underlying the patient’s headaches?","Medical format with structured diagnostic questions following a clinical context, presenting symptoms for a patient with ""chronic fatigue"" and ruling out options.

The answer ""Based on the options given: B"" signals the final answer is selected among the numbered options (""4. The most likely diagnosis""), with ""D"" implying the answer is ""C"" or a concluding logical conclusion about no clear diagnosis.

Final token ""option
"" closes the phrase ""Answer: Option 4:..."" — immediately expects ""D"" or ""3"" or ""C"" as the numeric answer, completing the answer with the logical inference that the physiological assessment suggests no abnormal findings, likely ""D.""",q=4 r=None sel=0 cor=0,,0.8519124984741211,0.29617542028427124,,,,,
prompt_instability,medqa:test:000113::qwen7b::canonical::0,medqa:test:000113,qwen7b,medqa,step1,canonical,heuristic_v1,correct_weak,True,C,C,C,"A 67-year-old man with chronic kidney disease comes to the physician because of worsening fatigue and shortness of breath on exertion for 6 months. He has a 20-year history of poorly-controlled type 2 diabetes mellitus. Current medications include metformin and insulin. His pulse is 105/min. Examination shows conjunctival pallor and bounding pulses. Laboratory studies show:
Hemoglobin 8.6 g/dL
Mean corpuscular volume 90 μm3
Reticulocyte count 0.5%
Serum
Ferritin 325 ng/mL
Urea nitrogen 45 mg/dL
Creatinine 2.2 mg/dL
The patient is prescribed a drug to treat the cause of his current symptoms. The drug's mechanism of action directly involves which of the following signaling pathways?""","Medical format with structured Q&A format, presenting symptoms and lab results for a patient with lung cancer, requiring a selected answer from options.

The phrase ""Given the options, the answer to the question is: A2B"" signals the final answer, and the question explicitly asks for the correct answer to the acid/base classification question, implying the answer involves the third option from the list.

Final token ""option
"" is mid-caption (""Answer: Option...""), directly requiring the third answer choice letter, most likely ""C"" or ""B"" or ""D,"" completing the concluding diagnostic deduction clause about the pH finding context and the potassium-related disorder identified.",q=4 r=None sel=0 cor=0,,0.8412697315216064,0.3174608051776886,,,,,
prompt_instability,medqa:test:000113::qwen7b::compact::0,medqa:test:000113,qwen7b,medqa,step1,compact,heuristic_v1,correct_weak,True,C,C,C,"A 67-year-old man with chronic kidney disease comes to the physician because of worsening fatigue and shortness of breath on exertion for 6 months. He has a 20-year history of poorly-controlled type 2 diabetes mellitus. Current medications include metformin and insulin. His pulse is 105/min. Examination shows conjunctival pallor and bounding pulses. Laboratory studies show:
Hemoglobin 8.6 g/dL
Mean corpuscular volume 90 μm3
Reticulocyte count 0.5%
Serum
Ferritin 325 ng/mL
Urea nitrogen 45 mg/dL
Creatinine 2.2 mg/dL
The patient is prescribed a drug to treat the cause of his current symptoms. The drug's mechanism of action directly involves which of the following signaling pathways?""","Medical format with structured Q&A pattern (""Answering a patient's symptoms"") provides an answer about a chemotherapy drug classification, with diagnostic clues about the presence of a specific condition.

The phrase ""Given the options, my answer is C. But I would choose: D"" signals a final answer choice, and the answer format ""Option E: C"" implies the correct biological classification number follows.

Final token ""option 
"" is mid-answer (""Answer: Option E""), directly completing the concluding classification question ""The answer is: Option D...""; expects ""C"" or ""3"" or ""B"" to close the reasoning, likely referencing the previously excluded biological factor related to acidosis.",q=4 r=None sel=0 cor=0,,0.8238439559936523,0.3523128032684326,,,,,
prompt_instability,medqa:test:000113::qwen7b::option_shuffle::0,medqa:test:000113,qwen7b,medqa,step1,option_shuffle,heuristic_v1,incorrect_weak,False,C,A,C,"A 67-year-old man with chronic kidney disease comes to the physician because of worsening fatigue and shortness of breath on exertion for 6 months. He has a 20-year history of poorly-controlled type 2 diabetes mellitus. Current medications include metformin and insulin. His pulse is 105/min. Examination shows conjunctival pallor and bounding pulses. Laboratory studies show:
Hemoglobin 8.6 g/dL
Mean corpuscular volume 90 μm3
Reticulocyte count 0.5%
Serum
Ferritin 325 ng/mL
Urea nitrogen 45 mg/dL
Creatinine 2.2 mg/dL
The patient is prescribed a drug to treat the cause of his current symptoms. The drug's mechanism of action directly involves which of the following signaling pathways?""","Structured medical question format with numbered questions and answers, establishing a diagnostic context about a patient with nausea and vomiting symptoms.

The phrase ""Given the options, the answer is C. B, but the answer is..."" signals the final answer choice from the options provided—likely ""D"" for identifying the serum marker, with the answer now requiring the appropriate letter for the ACHE classification.

Final token ""class
"" closes a parenthetical answer (""Answer: Option C...""), immediately expecting ""D"" or ""B"" or ""3"" to complete the answer, likely followed by ""B"" or ""C"" explaining the ACHE classification context and the absence of other conditions.",q=3 r=None sel=0 cor=0,,0.812258243560791,0.3754842281341553,,,,,
prompt_instability;taxonomy_sample:incorrect_weak,medqa:test:000131::qwen7b::canonical::0,medqa:test:000131,qwen7b,medqa,step1,canonical,heuristic_v1,incorrect_weak,False,A,A,B,"A 43-year-old man comes to the emergency department with nausea, abdominal discomfort, diarrhea, and progressive perioral numbness for the past 24 hours. 3 days ago, he underwent a total thyroidectomy for treatment of papillary thyroid cancer. His only medication is a multivitamin supplement. He appears fatigued. While measuring the patient's blood pressure, the nurse observes a spasm in the patient's hand. Physical examination shows a well-healing surgical wound on the neck. Which of the following ECG findings are most likely in this patient?","Medical format with structured question format (""A patient with nausea, diarrhea, and vomiting"") leads to an answer choice identifying the correct diagnosis from the options provided.

The phrase ""Answer: The answer is B, considering the symptoms, the most likely diagnosis is..."" signals the final answer is completing a mnemonic with ""A"" already given, implying the quiz now presents the specific lettered answer to the ACHE acronym.

Final token ""option
"" opens the answer placeholder ""Choice: Answer: "", directly following a question setup, strongly expecting ""B"" or ""3"" to continue the ACHE mnemonic, completing the final diagnosis answer about serotonin toxicity.",q=5 r=None sel=0 cor=0,,0.809810996055603,0.38037794828414917,,,,,
prompt_instability,medqa:test:000131::qwen7b::compact::0,medqa:test:000131,qwen7b,medqa,step1,compact,heuristic_v1,correct_weak,True,B,B,B,"A 43-year-old man comes to the emergency department with nausea, abdominal discomfort, diarrhea, and progressive perioral numbness for the past 24 hours. 3 days ago, he underwent a total thyroidectomy for treatment of papillary thyroid cancer. His only medication is a multivitamin supplement. He appears fatigued. While measuring the patient's blood pressure, the nurse observes a spasm in the patient's hand. Physical examination shows a well-healing surgical wound on the neck. Which of the following ECG findings are most likely in this patient?","Medical format with structured question pattern (""Patient with symptoms: answer the following options"") establishes a clinical context requiring a numbered list of causes with corresponding lettered options.

The phrase ""Given the options, choose the most likely diagnosis: Answer: B"" explicitly signals the answer is ""A,"" and the clause ""Choice B: Answer..."" implies the answer key from the poison list format.

Final token ""number 
"" opens the parenthetical answer identifier ""Option: option E is... Answer:"" directly following ""Choice 3: Answer : "", strongly expecting ""B"" or ""A"" to complete the poison identification with the corresponding chemical mechanism explanation, likely ""B"" for severe acidosis.",q=3 r=None sel=0 cor=0,,0.824336588382721,0.35132718086242676,,,,,
prompt_instability,medqa:test:000131::qwen7b::option_shuffle::0,medqa:test:000131,qwen7b,medqa,step1,option_shuffle,heuristic_v1,correct_weak,True,B,B,B,"A 43-year-old man comes to the emergency department with nausea, abdominal discomfort, diarrhea, and progressive perioral numbness for the past 24 hours. 3 days ago, he underwent a total thyroidectomy for treatment of papillary thyroid cancer. His only medication is a multivitamin supplement. He appears fatigued. While measuring the patient's blood pressure, the nurse observes a spasm in the patient's hand. Physical examination shows a well-healing surgical wound on the neck. Which of the following ECG findings are most likely in this patient?","Medical format with structured question pattern (""Patient presents with symptoms... Choose the correct answer regarding gastrinoma""), establishing a Q&A format with answer options.

The phrase ""Given the options, the answer is: B. Cushing's"" signals the final answer is the correct choice, strongly implying the question completes with the second answer option identifying the specific toxin's mechanism.

Final token ""option
"" opens a parenthetical answer label (""Answer: Option A...""), directly requiring the answer code ""B"" or ""3"" to complete the chosen answer, likely followed by ""B"" then ""C"" or ""D,"" continuing the question about stomach pH findings from the list.",q=3 r=None sel=0 cor=0,,0.814254879951477,0.37149038910865784,,,,,
prompt_instability,medqa:test:000137::qwen7b::canonical::0,medqa:test:000137,qwen7b,medqa,step1,canonical,heuristic_v1,incorrect_weak,False,C,C,D,"A 36-year-old woman comes to the clinic because of tearing and a foreign body sensation in her eyes bilaterally, which has gradually worsened over the last several weeks. She also notes having occasional palpitations, nervousness, sweating, and heat intolerance. Her past medical history is unremarkable. She reports a 20-pack-year smoking history and is currently a daily smoker. Physical examination shows an anxious, trembling woman. She has eyelid retraction bilaterally, with an inability to fully close her eyes. Her extraocular motility is limited on upgaze. There is no thyromegaly, and no thyroid nodules are noted. Laboratory studies reveal a thyroid-stimulating hormone level of 0.1 μU/mL and total T4 of 42 μg/dL. Thyroid-stimulating immunoglobulin is positive. CT scan of the orbits shows proptosis and marked enlargement of the extraocular muscle with sparing of the tendons. Which of the following would most likely transiently worsen this patient’s eye symptoms?","Medical format with structured question format (""Q&A"") presenting symptoms of a drug, with options given for a clinical scenario involving serotonin toxicity.

The answer ""Of the options A, B, C, the correct answer is..."" signals the final answer is being determined, strongly implying the third option ""D"" is the correct choice, completing the explanation of the mechanisms.

Final token ""option
"" closes a parenthetical answer format (""Answer: C...""), immediately expecting ""D"" or ""3"" or ""B"" to complete the selected answer, likely followed by ""C"" or ""B"" explaining the mechanism, ""C"" being the correct answer to the poison question.",q=3 r=None sel=0 cor=0,,0.8308112025260925,0.3383781611919403,,,,,
prompt_instability,medqa:test:000137::qwen7b::compact::0,medqa:test:000137,qwen7b,medqa,step1,compact,heuristic_v1,correct_weak,True,D,D,D,"A 36-year-old woman comes to the clinic because of tearing and a foreign body sensation in her eyes bilaterally, which has gradually worsened over the last several weeks. She also notes having occasional palpitations, nervousness, sweating, and heat intolerance. Her past medical history is unremarkable. She reports a 20-pack-year smoking history and is currently a daily smoker. Physical examination shows an anxious, trembling woman. She has eyelid retraction bilaterally, with an inability to fully close her eyes. Her extraocular motility is limited on upgaze. There is no thyromegaly, and no thyroid nodules are noted. Laboratory studies reveal a thyroid-stimulating hormone level of 0.1 μU/mL and total T4 of 42 μg/dL. Thyroid-stimulating immunoglobulin is positive. CT scan of the orbits shows proptosis and marked enlargement of the extraocular muscle with sparing of the tendons. Which of the following would most likely transiently worsen this patient’s eye symptoms?","Medical format with structured clinical question format, listing symptoms and options for a drug interaction, with answer options given.

The phrase ""Answer: C. Option B is the most likely choice, but the mechanism is..."" signals the final answer is being selected via a numbered option, completing the contradictory scenario, implying the answer is ""A"" with the opposite mechanism of death.

Final token ""option
"" closes a parenthetical answer construction (""Answer: option B... Choice: ""), immediately expecting ""A"" or ""3"" to complete the answer identifier, likely followed by ""B"" or ""3"" to indicate the correct mechanism of action, completing the question about poisoning.",q=3 r=None sel=0 cor=0,,0.8274229168891907,0.34515446424484253,,,,,
prompt_instability,medqa:test:000137::qwen7b::option_shuffle::0,medqa:test:000137,qwen7b,medqa,step1,option_shuffle,heuristic_v1,incorrect_weak,False,D,C,D,"A 36-year-old woman comes to the clinic because of tearing and a foreign body sensation in her eyes bilaterally, which has gradually worsened over the last several weeks. She also notes having occasional palpitations, nervousness, sweating, and heat intolerance. Her past medical history is unremarkable. She reports a 20-pack-year smoking history and is currently a daily smoker. Physical examination shows an anxious, trembling woman. She has eyelid retraction bilaterally, with an inability to fully close her eyes. Her extraocular motility is limited on upgaze. There is no thyromegaly, and no thyroid nodules are noted. Laboratory studies reveal a thyroid-stimulating hormone level of 0.1 μU/mL and total T4 of 42 μg/dL. Thyroid-stimulating immunoglobulin is positive. CT scan of the orbits shows proptosis and marked enlargement of the extraocular muscle with sparing of the tendons. Which of the following would most likely transiently worsen this patient’s eye symptoms?","Medical format with structured question-answer format, describing symptoms of a condition and providing options with numbered choices, establishing a pattern of selecting the correct answer.

The phrase ""Among the options given, the answer is: C. A, B, and D"" signals the final answer, completing the question ""Which option represents the best choice?"" with the correct physiological mechanism.

Final token ""option
"" closes the answer ""Choice: D. The answer is..."" — immediately expects ""D"" or ""3"" or ""B"" to complete the answer selection, likely ""D"" or ""3"" as the final answer, completing the question about the drug's effect being the correct choice.",q=3 r=None sel=0 cor=0,,0.800640344619751,0.39871999621391296,,,,,
prompt_instability,medqa:test:000226::qwen7b::canonical::0,medqa:test:000226,qwen7b,medqa,step2&3,canonical,heuristic_v1,correct_weak,True,C,C,C,"A 51-year-old man presents for a routine check-up. He has no complaints. At his last annual visit, his physical and laboratory tests were unremarkable. His past medical history is significant for hypercholesterolemia, well managed with rosuvastatin, and hypertension, well managed with hydrochlorothiazide. His current medications also include aspirin. The patient is afebrile, and his vital signs are within normal limits. Physical examination is unremarkable. His laboratory tests are significant for the following:
WBC 29,500/mm3
Hematocrit 26.1%
Hemoglobin 9.1 g/dL
Platelet count 298,000/mm3
A peripheral blood smear and differential shows 92% small normocytic lymphocytes. The patient’s diagnosis in confirmed by bone marrow biopsy and flow cytometry. He is monitored through regular follow-up visits. Three years after the initial diagnosis, the patient presents with swollen cervical and axillary lymph nodes, unintentional weight loss of 4.5 kg (approx. 10 lb), and “rib pain” on his right side. On physical examination, there is palpable, firm, non-tender cervical and axillary lymphadenopathy bilaterally. He also has moderate splenomegaly, which, when palpated, elicits pain. Which of the following is the best treatment for this patient’s most likely diagnosis?","Medical format with structured answer pattern: a clinical question about a drug combination, providing diagnostic clues about a patient's condition.

The phrase ""Given the options, the answer is: B, but considering the full question, the correct answer is..."" signals a final answer choice, strongly implying the abbreviation ""D"" (a chemotherapeutic category) is being identified with a mnemonic or answer key.

Final token ""option
"" ends an incomplete answer (""Choice: ... Answer: ""), immediately requiring the letter ""C"" or ""D"" or ""A"" to complete the answer, likely continuing with ""C"" or ""B"" to identify the correct diagnosis from the given options.",q=4 r=None sel=0 cor=0,,0.8380966782569885,0.3238068222999573,,,,,
prompt_instability,medqa:test:000226::qwen7b::compact::0,medqa:test:000226,qwen7b,medqa,step2&3,compact,heuristic_v1,correct_weak,True,C,C,C,"A 51-year-old man presents for a routine check-up. He has no complaints. At his last annual visit, his physical and laboratory tests were unremarkable. His past medical history is significant for hypercholesterolemia, well managed with rosuvastatin, and hypertension, well managed with hydrochlorothiazide. His current medications also include aspirin. The patient is afebrile, and his vital signs are within normal limits. Physical examination is unremarkable. His laboratory tests are significant for the following:
WBC 29,500/mm3
Hematocrit 26.1%
Hemoglobin 9.1 g/dL
Platelet count 298,000/mm3
A peripheral blood smear and differential shows 92% small normocytic lymphocytes. The patient’s diagnosis in confirmed by bone marrow biopsy and flow cytometry. He is monitored through regular follow-up visits. Three years after the initial diagnosis, the patient presents with swollen cervical and axillary lymph nodes, unintentional weight loss of 4.5 kg (approx. 10 lb), and “rib pain” on his right side. On physical examination, there is palpable, firm, non-tender cervical and axillary lymphadenopathy bilaterally. He also has moderate splenomegaly, which, when palpated, elicits pain. Which of the following is the best treatment for this patient’s most likely diagnosis?","Medical format with structured Q&A pattern: a clinical answer listing symptoms and options for a suspected leukemia diagnosis, following a diagnostic context.

The phrase ""Given the options, answer C is: C"" signals the final answer with a letter label, implying the answer key or concluding diagnosis from the options ""B"" or ""D"" is being identified, likely ""C"" for a specific chemical context.

Final token ""option 
"" closes the parenthetical answer prompt (""Answer: A... Choice: ""), immediately expecting ""C"" or ""D"" or ""B"" to complete the answer, then likely ""C"" with a rationale explaining the immunohistochemistry findings.",q=4 r=None sel=0 cor=0,,0.8415335416793823,0.3169332444667816,,,,,
prompt_instability,medqa:test:000226::qwen7b::option_shuffle::0,medqa:test:000226,qwen7b,medqa,step2&3,option_shuffle,heuristic_v1,incorrect_weak,False,A,D,C,"A 51-year-old man presents for a routine check-up. He has no complaints. At his last annual visit, his physical and laboratory tests were unremarkable. His past medical history is significant for hypercholesterolemia, well managed with rosuvastatin, and hypertension, well managed with hydrochlorothiazide. His current medications also include aspirin. The patient is afebrile, and his vital signs are within normal limits. Physical examination is unremarkable. His laboratory tests are significant for the following:
WBC 29,500/mm3
Hematocrit 26.1%
Hemoglobin 9.1 g/dL
Platelet count 298,000/mm3
A peripheral blood smear and differential shows 92% small normocytic lymphocytes. The patient’s diagnosis in confirmed by bone marrow biopsy and flow cytometry. He is monitored through regular follow-up visits. Three years after the initial diagnosis, the patient presents with swollen cervical and axillary lymph nodes, unintentional weight loss of 4.5 kg (approx. 10 lb), and “rib pain” on his right side. On physical examination, there is palpable, firm, non-tender cervical and axillary lymphadenopathy bilaterally. He also has moderate splenomegaly, which, when palpated, elicits pain. Which of the following is the best treatment for this patient’s most likely diagnosis?","Medical format with structured answer format: a question about a patient's diagnostic scenario with clinical details, then a multiple-choice answer options.

The phrase ""Given the answer choices, the correct diagnosis is: A. B. C."" signals a concluding answer, with ""C"" being the final choice, implying the mnemonic answer involves identifying the specific aminoacid disorder from the chemotherapy context.

Final token ""month
"" closes a parenthetical answer prompt (""Choice: Answer: ""), immediately requiring ""B"" or ""C"" as the letter identifier, followed by explanation of the selected answer's characteristics: ""B"" likely means ""A"" or ""D,"" the mnemonic completing the diagnosis.",q=4 r=None sel=0 cor=0,,0.8512335419654846,0.2975330352783203,,,,,
prompt_instability,medqa:test:000241::qwen7b::canonical::0,medqa:test:000241,qwen7b,medqa,step2&3,canonical,heuristic_v1,correct_weak,True,B,B,B,"A 41-year-old man presents to his primary care provider with abdominal pain. He says that the pain “comes and goes” throughout the day and usually lasts 20-30 minutes per episode. He can point to the spot 1-2 inches above the umbilicus where he feels the pain. He denies any feeling of regurgitation or nighttime cough but endorses nausea. He reports that he used to eat three large meals per day but has found that eating more frequently improves his pain. He tried a couple pills of ibuprofen with food over the past couple days and thinks it helped. He has gained four pounds since his past appointment three months ago. The patient denies any diarrhea or change in his stools. He has no past medical history. He drinks 5-6 beers on the weekend and has a 20 pack-year smoking history. He denies any family history of cancer. On physical exam, he is tender to palpation above the umbilicus. Bowel sounds are present. A stool guaiac test is positive. The patient undergoes endoscopy with biopsy to diagnose his condition.

Which of the following is most likely to be found on histology?","Structured medical question format with numbered options provided, following a diagnostic scenario format (""Patient with symptoms of..."").

The phrase ""Answer: The correct answer is C, but considering the other options"" explicitly signals the answer to the final question (""Choose the best diagnosis from the list""), with the answer being ""B"" (based on the ACE axis), now requiring the chemical name.

Final token ""month 
"" closes the parenthetical answer format (""Answer: Option E is...""), immediately expecting ""B"" or ""D"" or ""C"" to complete the chemical answer, likely ""B"" with an explanation clause like ""D"" explaining the stomach lining result.",q=4 r=None sel=0 cor=0,,0.8414775133132935,0.3170449435710907,,,,,
prompt_instability,medqa:test:000241::qwen7b::compact::0,medqa:test:000241,qwen7b,medqa,step2&3,compact,heuristic_v1,correct_weak,True,B,B,B,"A 41-year-old man presents to his primary care provider with abdominal pain. He says that the pain “comes and goes” throughout the day and usually lasts 20-30 minutes per episode. He can point to the spot 1-2 inches above the umbilicus where he feels the pain. He denies any feeling of regurgitation or nighttime cough but endorses nausea. He reports that he used to eat three large meals per day but has found that eating more frequently improves his pain. He tried a couple pills of ibuprofen with food over the past couple days and thinks it helped. He has gained four pounds since his past appointment three months ago. The patient denies any diarrhea or change in his stools. He has no past medical history. He drinks 5-6 beers on the weekend and has a 20 pack-year smoking history. He denies any family history of cancer. On physical exam, he is tender to palpation above the umbilicus. Bowel sounds are present. A stool guaiac test is positive. The patient undergoes endoscopy with biopsy to diagnose his condition.

Which of the following is most likely to be found on histology?","Medical format with structured question pattern (""Q: A patient with this symptom..."") presenting diagnostics options for a condition, now giving an answer.

The phrase ""Answer: Option B is the correct choice, but the answer to the blood test is:"" signals the answer choice ""C"" with the abbreviation ""B"" already given, implying the final answer involves the remaining option from the list of choices.

Final token ""option 
"" is mid-answer (""Answer: ""), directly requiring ""B"" or ""2"" — completing the medical abbreviation ""The answer is C, but the correct answer is:"" — likely followed by ""B"" or ""3"" referencing the histamine receptor test result.",q=5 r=None sel=0 cor=0,,0.8421785235404968,0.3156431317329407,,,,,
prompt_instability,medqa:test:000241::qwen7b::option_shuffle::0,medqa:test:000241,qwen7b,medqa,step2&3,option_shuffle,heuristic_v1,incorrect_aligned,False,C,A,B,"A 41-year-old man presents to his primary care provider with abdominal pain. He says that the pain “comes and goes” throughout the day and usually lasts 20-30 minutes per episode. He can point to the spot 1-2 inches above the umbilicus where he feels the pain. He denies any feeling of regurgitation or nighttime cough but endorses nausea. He reports that he used to eat three large meals per day but has found that eating more frequently improves his pain. He tried a couple pills of ibuprofen with food over the past couple days and thinks it helped. He has gained four pounds since his past appointment three months ago. The patient denies any diarrhea or change in his stools. He has no past medical history. He drinks 5-6 beers on the weekend and has a 20 pack-year smoking history. He denies any family history of cancer. On physical exam, he is tender to palpation above the umbilicus. Bowel sounds are present. A stool guaiac test is positive. The patient undergoes endoscopy with biopsy to diagnose his condition.

Which of the following is most likely to be found on histology?","Medical format with structured question pattern (""Q: A patient with certain symptoms..."") and answer options provided, establishing a Q&A format with diagnostic context.

The answer ""The correct choice is B: SCLEROSIS, but the answer is"" signals the final answer, completing the multiple-choice format with the specific answer choice being determined by the remaining options.

Final token ""option
"" ends an incomplete answer (""Answer: C: The answer is...""), immediately requiring the specific letter ""B"" or ""3"" to complete the correct diagnostic choice, likely followed by ""B"" or ""C"" with explanation of the physiology of the stomach ulcer and absence of other answers.",q=3 r=None sel=1 cor=0,,0.8250432014465332,0.3499138057231903,,,,,
prompt_instability,medqa:test:000269::qwen7b::canonical::0,medqa:test:000269,qwen7b,medqa,step1,canonical,heuristic_v1,incorrect_weak,False,B,B,C,"A 13-year-old boy is brought to the emergency department by his mother because of a 6-hour history of severe eye pain and blurry vision. He wears soft contact lenses and has not removed them for 2 days. Ophthalmologic examination shows a deep corneal ulcer, severe conjunctival injection, and purulent discharge on the right. Treatment with topical ciprofloxacin is initiated. A culture of the ocular discharge is most likely to show which of the following?","Medical format with structured question format (""Q: Identify the most likely diagnosis given symptoms..."") indicating an answer is being provided with options.

The phrase ""Answer: Option C is correct, but the answer is not B"" signals the final answer choice, directly followed by a specific letter designation (""The correct answer is...""), strongly implying the chemical compound's chemical nature or answer key.

Final token ""option 
"" is mid-sentence (""Answer: Option C""), part of a concluding answer clause structure (""Answer: The correct answer is...""), immediately requiring ""B"" or ""4"" or ""C"" to complete the identification of the chemical substance's distinguishing characteristic.",q=1 r=None sel=0 cor=0,,0.8308507204055786,0.3382990062236786,,,,,
prompt_instability,medqa:test:000269::qwen7b::compact::0,medqa:test:000269,qwen7b,medqa,step1,compact,heuristic_v1,incorrect_weak,False,B,B,C,"A 13-year-old boy is brought to the emergency department by his mother because of a 6-hour history of severe eye pain and blurry vision. He wears soft contact lenses and has not removed them for 2 days. Ophthalmologic examination shows a deep corneal ulcer, severe conjunctival injection, and purulent discharge on the right. Treatment with topical ciprofloxacin is initiated. A culture of the ocular discharge is most likely to show which of the following?","Medical format with structured answer format (""Q&A"") providing options for a symptom, establishing a pattern of listing possibilities with a specific answer chosen.

The phrase ""Given the options, choose the correct answer: B) Nocardia"" signals a concluding answer, and the text explicitly states ""Answer: C"" — implying the chemical answer for the question about bacterial category.

Final token ""option
"" closes a parenthetical ""Answer: "" clause mid-sentence (""Answer: option C""), immediately requiring the numeric answer ""B"" or ""3"" to complete the chemical identification answer, likely continuing with ""B"" or ""C"" to close the distractor sequence about the toxin mechanism.",q=1 r=None sel=0 cor=0,,0.858053982257843,0.2838916480541229,,,,,
prompt_instability,medqa:test:000269::qwen7b::option_shuffle::0,medqa:test:000269,qwen7b,medqa,step1,option_shuffle,heuristic_v1,correct_weak,True,D,C,C,"A 13-year-old boy is brought to the emergency department by his mother because of a 6-hour history of severe eye pain and blurry vision. He wears soft contact lenses and has not removed them for 2 days. Ophthalmologic examination shows a deep corneal ulcer, severe conjunctival injection, and purulent discharge on the right. Treatment with topical ciprofloxacin is initiated. A culture of the ocular discharge is most likely to show which of the following?","Structured medical question format with numbered options, defining symptoms of a condition and then providing the correct answer.

The phrase ""Given the options, the answer is: D)..."" signals the final answer has been delivered, and the question ""Which of the following is the correct answer to the question about the condition?"" explicitly implies the answer to the toxin identification, likely ""B"" with a chemical description.

Final token ""option 
"" closes a parenthetical answer (""Answer: D...""), immediately requiring the letter ""B"" or ""4"" to complete the option, likely ""B"" continuing the chemical answer format, then likely ""D"" or ""C"" describing the toxin's nature.",q=2 r=None sel=0 cor=0,,0.8352041244506836,0.329592227935791,,,,,
prompt_instability,medqa:test:000288::qwen7b::canonical::0,medqa:test:000288,qwen7b,medqa,step1,canonical,heuristic_v1,correct_aligned,True,B,B,B,"An 8-year-old boy is brought to the physician because of headaches for the past 2 weeks. His headaches tend to occur in the morning and are associated with nausea and vomiting. One month ago, the patient was admitted to the hospital because of fever, irritability, and neck rigidity, and he was successfully treated with antibiotics. His temperature today is 37.5°C (98.5°F). An MRI of the brain shows bilateral ventricular enlargement and enlargement of the subarachnoid space. Which of the following is the most likely explanation of the patient's condition?","Medical format with structured questions and answers pattern, presenting a diagnostic scenario involving symptoms of myeloma and the correct answer to a multiple-choice question.

The phrase ""Given the options, the answer is: B"" signals the answer is being provided, with ""C"" implying the correct diagnosis from the list of options (""Dyspepsia...""), strongly expecting ""B"" or ""C.""

Final token ""month
"" is mid-answer (""Answer: ""), part of a concluding statement ""Answer: Option C... The correct answer is,"" immediately requiring ""C"" or ""B"" or ""D"" to complete the diagnostic choice, likely followed by a description of CSF findings.",q=2 r=None sel=1 cor=1,,0.8483622670173645,0.30327606201171875,,,,,
prompt_instability,medqa:test:000288::qwen7b::compact::0,medqa:test:000288,qwen7b,medqa,step1,compact,heuristic_v1,correct_weak,True,B,B,B,"An 8-year-old boy is brought to the physician because of headaches for the past 2 weeks. His headaches tend to occur in the morning and are associated with nausea and vomiting. One month ago, the patient was admitted to the hospital because of fever, irritability, and neck rigidity, and he was successfully treated with antibiotics. His temperature today is 37.5°C (98.5°F). An MRI of the brain shows bilateral ventricular enlargement and enlargement of the subarachnoid space. Which of the following is the most likely explanation of the patient's condition?","Medical format with structured answer pattern using options (""Q: What is the diagnosis?""), presenting diagnostic criteria for a patient with symptoms.

The phrase ""Given the options, the answer is: D, but the correct answer is..."" signals the final answer is ""C"" with a confirmation of the remaining criterion, implying the diagram context completes the answer about cardiac location.

Final token ""option
"" is mid-answer (""Answer: C""), part of a concluding answer block (""Choice: 5... Choice B...""), immediately expecting ""B"" or ""D"" or ""3"" to complete the numbered diagnosis choice, likely followed by ""C"" or ""A"" with the diagram context.",q=2 r=None sel=0 cor=0,,0.8465921878814697,0.30681532621383667,,,,,
prompt_instability,medqa:test:000288::qwen7b::option_shuffle::0,medqa:test:000288,qwen7b,medqa,step1,option_shuffle,heuristic_v1,incorrect_weak,False,C,A,B,"An 8-year-old boy is brought to the physician because of headaches for the past 2 weeks. His headaches tend to occur in the morning and are associated with nausea and vomiting. One month ago, the patient was admitted to the hospital because of fever, irritability, and neck rigidity, and he was successfully treated with antibiotics. His temperature today is 37.5°C (98.5°F). An MRI of the brain shows bilateral ventricular enlargement and enlargement of the subarachnoid space. Which of the following is the most likely explanation of the patient's condition?","Medical format with structured Q&A pattern, presenting a diagnostic question about a chemical symbol from the DSM, requiring identification of the correct answer.

The phrase ""Given the options, the answer is: B. Mucosa"" signals the answer has been stated, and the question ""Which option best fits the symptoms?"" implies the final answer is now completing the interpretation of the chemical's classification.

Final token ""option
"" is mid-answer (""Answer: ""), part of a concluding clause ""The correct answer is: "" — immediately expects ""C"" or ""3"" or ""B"" or ""D"" to complete the answer choice, likely ""C"" referring to the nervous system diagnosis.",q=1 r=None sel=0 cor=0,,0.8382824659347534,0.32343509793281555,,,,,
prompt_instability,medqa:test:000289::qwen7b::canonical::0,medqa:test:000289,qwen7b,medqa,step1,canonical,heuristic_v1,incorrect_weak,False,D,D,C,"A previously healthy 2-year-old boy is brought to the physician because of a 10-day history of unsteady gait, frequent falls, and twitching of the extremities. Physical examination shows bilateral saccadic eye movement in all directions and brief, involuntary muscle contractions of the trunk and limbs. There is an ill-defined, nontender mass in the upper right abdomen. He undergoes surgical resection of the tumor. Histopathologic examination of this mass is most likely to show which of the following?","Medical Q&A format with structured entries describing symptoms, establishing a pattern of diagnostic options for a patient with specific characteristics.

The phrase ""Answer: The correct answer to the question is not B or C, but..."" signals the final answer, explicitly naming the identified condition as ""D"" with the mnemonic already given, strongly implying the answer completes with ""D"" or a medical term.

Final token ""option 
"" closes a question structure (""Answer: Option...""), immediately requiring the answer label ""D"" or ""C"" to complete the multiple-choice answer, likely followed by ""D"" or ""B"" or ""3"" referencing the stomach physiology context or the answer is ""D.""",q=1 r=None sel=0 cor=0,,0.8235406279563904,0.35291844606399536,,,,,
prompt_instability,medqa:test:000289::qwen7b::compact::0,medqa:test:000289,qwen7b,medqa,step1,compact,heuristic_v1,incorrect_weak,False,D,D,C,"A previously healthy 2-year-old boy is brought to the physician because of a 10-day history of unsteady gait, frequent falls, and twitching of the extremities. Physical examination shows bilateral saccadic eye movement in all directions and brief, involuntary muscle contractions of the trunk and limbs. There is an ill-defined, nontender mass in the upper right abdomen. He undergoes surgical resection of the tumor. Histopathologic examination of this mass is most likely to show which of the following?","Medical format with structured Q&A pattern (""A patient with symptoms... Choose the correct answer:""), presenting diagnostic options for a condition involving lung, stomach, and liver.

The phrase ""Answer: C, given the options... Choice: "" signals the final answer, completing the answer with ""D"" from the listed options, likely a numeric identifier for cancerous condition.

Final token ""option
"" is mid-answer (""Answer: ""D""), part of the concluding resolution clause (""The answer is... Therefore the correct choice is""), strongly expecting ""B"" or ""D"" or ""3"" to close the numerical identification, completing the medical reasoning about the given diagnostic context.",q=1 r=None sel=0 cor=0,,0.8458344340324402,0.30833086371421814,,,,,
prompt_instability;taxonomy_sample:incorrect_weak,medqa:test:000289::qwen7b::option_shuffle::0,medqa:test:000289,qwen7b,medqa,step1,option_shuffle,heuristic_v1,incorrect_weak,False,B,B,C,"A previously healthy 2-year-old boy is brought to the physician because of a 10-day history of unsteady gait, frequent falls, and twitching of the extremities. Physical examination shows bilateral saccadic eye movement in all directions and brief, involuntary muscle contractions of the trunk and limbs. There is an ill-defined, nontender mass in the upper right abdomen. He undergoes surgical resection of the tumor. Histopathologic examination of this mass is most likely to show which of the following?","Medical format with structured answer format (""Q&A format"") presenting a diagnosis prompt about a symptom, establishing a pattern of identifying the condition and its classification.

The answer ""The correct answer is C. A, B, C... but the answer is"" signals the final answer, with ""B"" being the correct choice from the options, strongly implying the answer is ""D"" referencing the nerve.

Final token ""option
"" ends mid-sentence (""Answer: ""), part of a concluding answer clause structure (""Choice: ... The answer is""), immediately expecting ""D"" or ""B"" or ""C"" to complete the specific answer identifying the drug classification context about the poison.",q=0 r=None sel=0 cor=0,,0.8422403931617737,0.3155195713043213,,,,,
prompt_instability;taxonomy_sample:incorrect_weak,medqa:test:000321::qwen7b::compact::0,medqa:test:000321,qwen7b,medqa,step2&3,compact,heuristic_v1,incorrect_weak,False,D,D,A,"A 55-year-old man recovering from knee replacement surgery complains of breathlessness in the postoperative ward. He has been confined to bed for the past 5 days and is under observation. He felt a sudden difficulty in breathing and called for the ward nurse. He says that he is unable to take deep breaths and has a sharp pain on the right side of his chest with each inspiration. His temperature is 37.5°C (99.8°F), the pulse is 111/min, the respirations are 31/min, and the blood pressure is 85/55 mm Hg. He experiences pain in his right calf on dorsiflexion. There are no other prominent findings on physical examination. His chest X-ray does not show anything significant. The ECG reveals sinus tachycardia. Which of the following is the best course of management at this time?","Medical format with structured diagnostic question format (""Q&A""), presenting symptoms and options for a patient with suspected cardiac disorder.

The phrase ""Given the answers, choose the appropriate code: Option B is the most likely answer"" signals the final answer is being revealed, completing the list of diagnostic codes (""A, B, C...""), strongly implying ""C"" or ""D"" with the appropriate medical reasoning.

Final token ""code
"" closes an incomplete answer (""Answer: Option C""), part of a concluding question prompt structure (""Choice: Option E...""), immediately expecting ""C"" or ""D"" or ""B"" — likely ""C"" to complete the diagnostic reasoning.",q=0 r=None sel=0 cor=0,,0.836214005947113,0.32757219672203064,,,,,
prompt_instability,medqa:test:000321::qwen7b::option_shuffle::0,medqa:test:000321,qwen7b,medqa,step2&3,option_shuffle,heuristic_v1,correct_weak,True,C,A,A,"A 55-year-old man recovering from knee replacement surgery complains of breathlessness in the postoperative ward. He has been confined to bed for the past 5 days and is under observation. He felt a sudden difficulty in breathing and called for the ward nurse. He says that he is unable to take deep breaths and has a sharp pain on the right side of his chest with each inspiration. His temperature is 37.5°C (99.8°F), the pulse is 111/min, the respirations are 31/min, and the blood pressure is 85/55 mm Hg. He experiences pain in his right calf on dorsiflexion. There are no other prominent findings on physical examination. His chest X-ray does not show anything significant. The ECG reveals sinus tachycardia. Which of the following is the best course of management at this time?","Medical format with structured clinical question format (""Q: A patient presents with symptoms..."") requiring completion of diagnostic options listed.

The phrase ""Given the differential diagnosis, the answer is: C. Toxicity"" signals the answer to the final question ""Choose the best answer for this ECG finding,"" logically completing with the letter ""D"" option, likely ""C"" for cardiac diagnosis context.

Final token ""option 
"" closes the question ""Answer: Option 1... The answer is:"" — immediately expects ""C"" or ""D"" or ""B"" or ""3"" (the numbered diagnostic option), completing the answer with the logical choice of cardiac assessment findings.",q=3 r=None sel=0 cor=0,,0.820706844329834,0.35858649015426636,,,,,
prompt_instability,medqa:test:000355::qwen7b::canonical::0,medqa:test:000355,qwen7b,medqa,step2&3,canonical,heuristic_v1,incorrect_weak,False,D,D,A,"A 32-year-old G1P1 patient presents to her obstetrician after having a positive pregnancy test at home. She reports that she and her husband had been trying to have a child for the past three months. She has no history of sexually transmitted disease, intravenous drug use, or blood transfusions, and she has never traveled outside of the United States. She was up-to-date on all immunizations before her pregnancy. Ultrasound is consistent with an 8-week gestational sac. The patient requests as few tests as possible, although she does not want to compromise the health of her fetus. Which of the following screening tests should be performed on all pregnant women?","Medical format with structured question/answer pattern presenting drug classification details for a patient condition, following a standardized format.

The sentence ""Based on the options provided, choose the best answer to the question: Which vaccine is recommended..."" explicitly concludes with ""The answer is C"" — the final answer option is being confirmed, implying the answer is the complete list of A, B, C, D with no IV.

Final token ""option ""
ends an incomplete answer label (""Choice: ""), immediately expecting ""D"" or ""B"" or ""4"" to complete the final answer, likely ""D"" since the mnemonic context completes the comprehensive list of safety recommendations.",q=3 r=None sel=0 cor=0,,0.8567206859588623,0.28655901551246643,,,,,
prompt_instability,medqa:test:000355::qwen7b::compact::0,medqa:test:000355,qwen7b,medqa,step2&3,compact,heuristic_v1,incorrect_weak,False,D,D,A,"A 32-year-old G1P1 patient presents to her obstetrician after having a positive pregnancy test at home. She reports that she and her husband had been trying to have a child for the past three months. She has no history of sexually transmitted disease, intravenous drug use, or blood transfusions, and she has never traveled outside of the United States. She was up-to-date on all immunizations before her pregnancy. Ultrasound is consistent with an 8-week gestational sac. The patient requests as few tests as possible, although she does not want to compromise the health of her fetus. Which of the following screening tests should be performed on all pregnant women?","Medical format with structured Q&A pattern: a clinical answer listing criteria for vaccination, establishing a numbered list with options A, B, C.

The phrase ""To determine the best answer to the question, considering all criteria: A, B, C... The answer is:"" signals the final answer box, implying the answer is ""D"" from the options listed, completing the CDC guideline format.

Final token ""option 
"" closes the parenthetical answer prompt (""Answer: Option D""), immediately expecting ""D"" or ""C"" or ""4"" to complete the chosen combination, likely ""D"" since the question asks for the combined score, confirming the highest ranking answer.",q=0 r=None sel=0 cor=0,,0.8369606137275696,0.326078861951828,,,,,
prompt_instability,medqa:test:000355::qwen7b::option_shuffle::0,medqa:test:000355,qwen7b,medqa,step2&3,option_shuffle,heuristic_v1,correct_weak,True,C,A,A,"A 32-year-old G1P1 patient presents to her obstetrician after having a positive pregnancy test at home. She reports that she and her husband had been trying to have a child for the past three months. She has no history of sexually transmitted disease, intravenous drug use, or blood transfusions, and she has never traveled outside of the United States. She was up-to-date on all immunizations before her pregnancy. Ultrasound is consistent with an 8-week gestational sac. The patient requests as few tests as possible, although she does not want to compromise the health of her fetus. Which of the following screening tests should be performed on all pregnant women?","Medical format with structured question format (""Q: Which vaccine is recommended for this case?"") following a diagnostic pattern, providing answer options with reasoning.

The answer ""The correct answer is: C. A, B, and C"" signals the final answer box, implying the answer is ""B,"" completing the mnemonic question about vaccination categories while acknowledging the other options.

Final token ""option 
"" closes an answer prompt (""The correct answer is: ""), immediately requiring the letter ""B"" or ""C"" to complete the answer choice, likely followed by ""C"" or ""3"" or ""D"" with the explanation continuing ""The CDC recommendation is the correct answer.""",q=1 r=None sel=0 cor=0,,0.8401141166687012,0.319771945476532,,,,,
prompt_instability,medqa:test:000371::qwen7b::canonical::0,medqa:test:000371,qwen7b,medqa,step2&3,canonical,heuristic_v1,incorrect_weak,False,B,B,A,"A 55-year-old man presents with a 2-month history of an increasing sensation of fullness in the upper left side of his abdomen. He complains of increasing fatigue and dyspnea. He has no history of serious illness and takes no medications. His temperature is 36.7°C (98.1°F), pulse is 90/min, respiratory rate is 18/min, and blood pressure is 125/70 mm Hg. His conjunctivae are pale. The examination of the heart and lungs shows no abnormalities. The splenic margin is palpable 8 cm (3.1 in) below the costal margin. No abnormal lymph nodes are found. Laboratory studies show:
Hemoglobin 8 g/dL
Mean corpuscular volume 90 μm3
Leukocyte count 3,000/mm3
Platelet count 85,000/mm3
Peripheral blood smear shows small lymphocytes with cell membrane projections. Bone marrow aspiration is unsuccessful. Cell immunophenotyping is positive for CD25. Which of the following is the most effective pharmacotherapy at this time?","Medical format with structured answer format (""Q&A"") presenting symptoms and diagnosis for a chemotherapy drug, establishing a clear pattern of identifying the correct answer from options.

The phrase ""Given the options, the answer is B... Choice: "" signals the final answer, with ""B"" expected to be the selected answer from the diagnostic list, implying the drug's designation.

Final token ""option
"" ends an incomplete answer (""Answer: Choice: ""), directly requiring the letter ""B"" to complete the question, then likely ""A"" or ""C"" continuing the drug identification answer with ""B"" being the correct diagnosis, completing the question about the specific cancer type's answer.",q=0 r=None sel=0 cor=0,,0.8447524309158325,0.310495525598526,,,,,
prompt_instability,medqa:test:000371::qwen7b::compact::0,medqa:test:000371,qwen7b,medqa,step2&3,compact,heuristic_v1,correct_weak,True,A,A,A,"A 55-year-old man presents with a 2-month history of an increasing sensation of fullness in the upper left side of his abdomen. He complains of increasing fatigue and dyspnea. He has no history of serious illness and takes no medications. His temperature is 36.7°C (98.1°F), pulse is 90/min, respiratory rate is 18/min, and blood pressure is 125/70 mm Hg. His conjunctivae are pale. The examination of the heart and lungs shows no abnormalities. The splenic margin is palpable 8 cm (3.1 in) below the costal margin. No abnormal lymph nodes are found. Laboratory studies show:
Hemoglobin 8 g/dL
Mean corpuscular volume 90 μm3
Leukocyte count 3,000/mm3
Platelet count 85,000/mm3
Peripheral blood smear shows small lymphocytes with cell membrane projections. Bone marrow aspiration is unsuccessful. Cell immunophenotyping is positive for CD25. Which of the following is the most effective pharmacotherapy at this time?","Medical format with structured clinical question presenting symptoms of a condition, then options including treatment choices labeled A, B, C, requiring a definitive answer.

The phrase ""Based on the answer, the correct answer is: Option C"" signals the final answer with a numbered option, implying the abbreviation from the chemical list (A, B, C) is being identified.

Final token ""option 
"" is mid-sentence (""Answer: ""), directly completing the answer clause ""Choice: A... Option C is:"" — immediately expects ""B"" or ""A"" or ""C"" following the chemical context, likely ""B"" or ""A"" as the correct answer describing the pathology diagnosis.",q=1 r=None sel=0 cor=0,,0.835530161857605,0.32894009351730347,,,,,
prompt_instability,medqa:test:000371::qwen7b::option_shuffle::0,medqa:test:000371,qwen7b,medqa,step2&3,option_shuffle,heuristic_v1,incorrect_weak,False,B,B,A,"A 55-year-old man presents with a 2-month history of an increasing sensation of fullness in the upper left side of his abdomen. He complains of increasing fatigue and dyspnea. He has no history of serious illness and takes no medications. His temperature is 36.7°C (98.1°F), pulse is 90/min, respiratory rate is 18/min, and blood pressure is 125/70 mm Hg. His conjunctivae are pale. The examination of the heart and lungs shows no abnormalities. The splenic margin is palpable 8 cm (3.1 in) below the costal margin. No abnormal lymph nodes are found. Laboratory studies show:
Hemoglobin 8 g/dL
Mean corpuscular volume 90 μm3
Leukocyte count 3,000/mm3
Platelet count 85,000/mm3
Peripheral blood smear shows small lymphocytes with cell membrane projections. Bone marrow aspiration is unsuccessful. Cell immunophenotyping is positive for CD25. Which of the following is the most effective pharmacotherapy at this time?","Medical format with structured question pattern (""A patient with this disorder..."") providing answer options for a chemotherapy diagnosis, establishing a Q&A format.

The phrase ""Given the options, the correct answer is: B. EPO"" signals the answer has been determined, with ""B"" now requiring the corresponding diagnostic term from the list of options, likely ""C"" or ""D"".

Final token ""option
"" closes a question mid-sentence (""Answer: Choice C...""), directly demanding the correct answer term from the options, almost certainly ""D"" or ""B"" followed by ""C"" with explanation of the cancer mechanism, completing the answer about the identified condition.",q=0 r=None sel=0 cor=0,,0.8338080644607544,0.33238485455513,,,,,
prompt_instability,medqa:test:000455::qwen7b::canonical::0,medqa:test:000455,qwen7b,medqa,step2&3,canonical,heuristic_v1,incorrect_weak,False,A,A,C,"A 62-year-old woman presents to the emergency department for vision changes. About 90 minutes ago she was on the couch watching television with her husband when she suddenly noticed that she couldn't see the screen normally. She also felt a little dizzy. She has never had anything like this happen before. Her general physical exam is unremarkable. Her neurologic exam is notable for loss of vision in the right visual field of both eyes with macular sparing, though extraocular movements are intact. A computed tomography (CT) scan of the head shows no acute intracranial process. Angiography of the brain will most likely show a lesion in which of the following vessels?","Medical format with structured answer pattern: a question about a diagnostic test result, presenting options with ""Choose the most appropriate answer.""

The phrase ""Given the options, the answer is: A. Cardiac"" signals the answer is being completed with the specific answer letter, and the question ""Which type of neuropathy? -B"" implies the final answer is C, likely explaining the paired symptoms.

Final token ""option
"" closes a parenthetical answer prompt (""Choice: ... Answer: ""), immediately requiring the letter C or ""B"" to complete the identification of the correct option from the nerve diagram options, likely continuing with ""B. P"" or ""3.""",q=1 r=None sel=0 cor=0,,0.8384371995925903,0.3231258988380432,,,,,
prompt_instability,medqa:test:000455::qwen7b::compact::0,medqa:test:000455,qwen7b,medqa,step2&3,compact,heuristic_v1,incorrect_weak,False,B,B,C,"A 62-year-old woman presents to the emergency department for vision changes. About 90 minutes ago she was on the couch watching television with her husband when she suddenly noticed that she couldn't see the screen normally. She also felt a little dizzy. She has never had anything like this happen before. Her general physical exam is unremarkable. Her neurologic exam is notable for loss of vision in the right visual field of both eyes with macular sparing, though extraocular movements are intact. A computed tomography (CT) scan of the head shows no acute intracranial process. Angiography of the brain will most likely show a lesion in which of the following vessels?","Medical format with structured answer pattern (""Q&A format""), presenting a diagnostic question about stomach cancer symptoms to identify the appropriate anatomical choice from options.

The phrase ""Answer: The correct answer is B, with C to exclude"" signals the answer is ""D"" (the third option), and the text explicitly promises a specific letter designation following the diagram description.

Final token ""option
"" closes a parenthetical clause (""Answer: Option 3 ""), immediately requiring the letter ""B"" or ""2"" to complete the answer choice, likely followed by ""B"" or ""C"" continuing the numbered diagnosis sequence describing the parasympathetic nerve's correct designation.",q=2 r=None sel=0 cor=0,,0.8346759676933289,0.33064860105514526,,,,,
prompt_instability,medqa:test:000455::qwen7b::option_shuffle::0,medqa:test:000455,qwen7b,medqa,step2&3,option_shuffle,heuristic_v1,incorrect_weak,False,C,A,C,"A 62-year-old woman presents to the emergency department for vision changes. About 90 minutes ago she was on the couch watching television with her husband when she suddenly noticed that she couldn't see the screen normally. She also felt a little dizzy. She has never had anything like this happen before. Her general physical exam is unremarkable. Her neurologic exam is notable for loss of vision in the right visual field of both eyes with macular sparing, though extraocular movements are intact. A computed tomography (CT) scan of the head shows no acute intracranial process. Angiography of the brain will most likely show a lesion in which of the following vessels?","Medical format with structured question pattern (""Q: Identify the diagnosis for the following symptoms...""), establishing a clear answer format with numbered options from the list.

The phrase ""The answer is C, with heart failure being the correct choice"" signals the answer is being provided, directly implying the remaining answer option is B (""D. C""), completing the nerve diagram identification.

Final token ""option
"" ends an incomplete answer (""Answer: ""), directly continuing the question structure ""The answer is: C...""; immediately expects ""B"" or ""3"" to complete the numbered diagnosis answer choice, likely followed by ""B"" or ""C"" with explanation of the cardiac axis finding.",q=2 r=None sel=0 cor=0,,0.8461352586746216,0.3077298104763031,,,,,
prompt_instability,medqa:test:000465::qwen7b::canonical::0,medqa:test:000465,qwen7b,medqa,step1,canonical,heuristic_v1,correct_weak,True,C,C,C,"A 45-year-old female presents to the emergency department with gross hematuria and acute, colicky flank pain. She denies any previous episodes of hematuria. She reports taking high doses of acetaminophen and aspirin over several weeks due to persistent upper back pain. The patient’s blood pressure and temperature are normal, but she is found to have proteinuria. Physical examination is negative for palpable flank masses. Which of the following is the most likely diagnosis:","Medical format with structured question pattern (""Q: A patient with the following symptoms..."") establishes a diagnostic answer format requiring the correct answer from options listed.

The phrase ""Given the options, the correct answer is: B"" signals the final answer completion, implying the question ""C"" is being solved with the nerve disorder diagnosis context about the stomach symptoms and poisoning.

Final token "" 
"" closes a parenthetical answer (""Answer: option E"") and immediately expects ""C"" to complete ""The answer is: E,"" then likely ""3"" or ""D"" or ""B"" — completing the mnemonic identification of the correct answer among the listed options for the poisoning scenario.",q=4 r=None sel=0 cor=0,,0.7968407273292542,0.4063190817832947,,,,,
prompt_instability,medqa:test:000465::qwen7b::compact::0,medqa:test:000465,qwen7b,medqa,step1,compact,heuristic_v1,incorrect_weak,False,D,D,C,"A 45-year-old female presents to the emergency department with gross hematuria and acute, colicky flank pain. She denies any previous episodes of hematuria. She reports taking high doses of acetaminophen and aspirin over several weeks due to persistent upper back pain. The patient’s blood pressure and temperature are normal, but she is found to have proteinuria. Physical examination is negative for palpable flank masses. Which of the following is the most likely diagnosis:","Medical format structure with question format (""Q: What is the diagnosis given the symptoms?"") presenting diagnostic options from a checklist, implying the answer is ""C"" for lung cancer.

The phrase ""Given the options: A, B, C... The correct answer is:"" signals a final answer, with ""D"" being the remaining option completing the mnemonic or logical conclusion about the condition.

Final token ""option
"" closes the answer clause ""Answer: Option C is: "", immediately requiring the letter ""D"" or ""3"" as the numeric answer completion, continuing the medical answer format with ""D"" and likely ""C"" explaining the finding of the combination symptoms.",q=2 r=None sel=0 cor=0,,0.8284494280815125,0.3431015908718109,,,,,
prompt_instability,medqa:test:000465::qwen7b::option_shuffle::0,medqa:test:000465,qwen7b,medqa,step1,option_shuffle,heuristic_v1,correct_weak,True,D,C,C,"A 45-year-old female presents to the emergency department with gross hematuria and acute, colicky flank pain. She denies any previous episodes of hematuria. She reports taking high doses of acetaminophen and aspirin over several weeks due to persistent upper back pain. The patient’s blood pressure and temperature are normal, but she is found to have proteinuria. Physical examination is negative for palpable flank masses. Which of the following is the most likely diagnosis:","Medical format with structured diagnostic question pattern (""Q: A patient presents with symptoms... Choose the correct answer:"").

The answer ""The correct answer is B. Malignancy, but given the options, the final answer is"" signals the final question completion, strongly implying the answer ""D"" with a mnemonic or explanation of the four listed conditions.

Final token ""option
"" is mid-answer closure (""Answer: E""), directly following the question's framing ""The correct answer is..."" — immediately expects ""D"" or ""4"" to complete the classification answer, likely followed by ""D"" or ""B"" explaining the stomach disorder diagnosis context.",q=5 r=None sel=0 cor=0,,0.8330250978469849,0.3339499533176422,,,,,
prompt_instability,medqa:test:000480::qwen7b::canonical::0,medqa:test:000480,qwen7b,medqa,step1,canonical,heuristic_v1,incorrect_weak,False,C,C,B,"A 17-year-old girl is brought to the pediatrician by her father for evaluation. He is concerned that she has not undergone puberty yet, while all of her classmates at school have. The patient herself feels well overall, with no specific complaints. Examination shows vital signs of T 98.9, HR 71, and BP 137/92. The physician notes undeveloped breasts and normal external and internal female genitalia in Tanner I stage of development. Her body mass index is within normal limits, she is in the 40th percentile for height, and she is agreeable and pleasant during the interview. Which of the following additional findings is likely present in this patient?","Structured medical format with numbered questions following a diagnostic prompt, indicating a completed answer about the patient's symptoms.

The phrase ""Answer: The answer is not C, as the patient is diagnosed with..."" signals the final answer, with ""B"" being the correct choice among options, strongly implying the answer is ""D"" or ""C,"" completing the diagnostic question about the stomach's location.

Final token ""month 
"" closes a parenthetical aside (""Answer: Option C.""), immediately requiring the answer choice letter ""C"" followed by ""D"" or ""B"" or ""3"" to complete the answer about the neurological diagnosis, likely ""C"" to indicate no abnormality.",q=3 r=None sel=0 cor=0,,0.8410696387290955,0.317860871553421,,,,,
prompt_instability,medqa:test:000480::qwen7b::compact::0,medqa:test:000480,qwen7b,medqa,step1,compact,heuristic_v1,incorrect_weak,False,C,C,B,"A 17-year-old girl is brought to the pediatrician by her father for evaluation. He is concerned that she has not undergone puberty yet, while all of her classmates at school have. The patient herself feels well overall, with no specific complaints. Examination shows vital signs of T 98.9, HR 71, and BP 137/92. The physician notes undeveloped breasts and normal external and internal female genitalia in Tanner I stage of development. Her body mass index is within normal limits, she is in the 40th percentile for height, and she is agreeable and pleasant during the interview. Which of the following additional findings is likely present in this patient?","Medical format with structured answer format (Q&A) presenting symptoms for a drug, with the answer clearly identifying a diagnosis.

The phrase ""Given options: B) is the correct answer, but excluding C)..."" signals a final answer choice among options, and the text explicitly states ""Choice B: The answer is not A"" implying the remaining option ""C"" with a specific medical term.

Final token ""option
"" closes a parenthetical clause (""Answer: Option: ""), immediately requiring the letter ""C"" or ""3"" or ""B"" to complete the answer, likely followed by ""C"" or ""D"" with a medical term like ""C"" for the condition.",q=2 r=None sel=0 cor=0,,0.844265341758728,0.31146976351737976,,,,,
prompt_instability,medqa:test:000480::qwen7b::option_shuffle::0,medqa:test:000480,qwen7b,medqa,step1,option_shuffle,heuristic_v1,incorrect_weak,False,C,A,B,"A 17-year-old girl is brought to the pediatrician by her father for evaluation. He is concerned that she has not undergone puberty yet, while all of her classmates at school have. The patient herself feels well overall, with no specific complaints. Examination shows vital signs of T 98.9, HR 71, and BP 137/92. The physician notes undeveloped breasts and normal external and internal female genitalia in Tanner I stage of development. Her body mass index is within normal limits, she is in the 40th percentile for height, and she is agreeable and pleasant during the interview. Which of the following additional findings is likely present in this patient?","Medical format with structured answer format (""Q&A"") presenting a clinical question about a symptom, then listing possible diagnoses with a logical elimination process.

The phrase ""The answer is: Choice C is the correct answer"" signals the final answer is being identified, strongly implying the third option ""D"" from the list of options ""A, B, C"" is the correct diagnosis, likely related to nerve.

Final token ""option 
"" closes a direct answer prompt (""Answer: Choice C""), immediately expecting ""C"" or ""D"" or ""3"" or ""B"" to complete the diagnosis, likely following with ""C"" explaining the neurological context of the heart beat absence.",q=2 r=None sel=0 cor=0,,0.8284872770309448,0.34302595257759094,,,,,
prompt_instability,medqa:test:000498::qwen7b::canonical::0,medqa:test:000498,qwen7b,medqa,step1,canonical,heuristic_v1,incorrect_weak,False,D,D,A,"A 25-year-old woman presents to her physician with complaints of cyclic vomiting for 3 days. The vomitus is watery and contains undigested food particles. She also complains of feeling tired and having the “sniffles”. She has not felt like eating or drinking since her symptoms started, and she has not taken any medications. Her concern now is that she immediately gets dizzy when she stands up. Vitals signs include: pulse 120/min, respiratory rate 9/min, and blood pressure 100/70 mm Hg. Her eyes are sunken, and her tongue appears dry. Which set of lab values would best correspond to this patient’s condition?","Structured medical answer format with numbered questions and options, presenting a diagnosis scenario involving symptoms for a drug combination.

The phrase ""The answer to this question is: C) Based on the symptoms described, choose the correct answer."" signals the final answer, completing the multiple-choice question, strongly implying the answer is ""D"" with the reasoning explaining the pathology.

Final token ""choice
"" is mid-answer (""Answer: Option D""), part of a concluding question resolution line (""The answer is: D...""), immediately requiring the letter ""D"" or ""B"" to complete the answer, likely followed by ""B"" or ""3"" to indicate the correct diagnosis based on the pathological analysis.",q=2 r=None sel=0 cor=0,,0.8145830631256104,0.3708339333534241,,,,,
prompt_instability,medqa:test:000498::qwen7b::compact::0,medqa:test:000498,qwen7b,medqa,step1,compact,heuristic_v1,incorrect_weak,False,B,B,A,"A 25-year-old woman presents to her physician with complaints of cyclic vomiting for 3 days. The vomitus is watery and contains undigested food particles. She also complains of feeling tired and having the “sniffles”. She has not felt like eating or drinking since her symptoms started, and she has not taken any medications. Her concern now is that she immediately gets dizzy when she stands up. Vitals signs include: pulse 120/min, respiratory rate 9/min, and blood pressure 100/70 mm Hg. Her eyes are sunken, and her tongue appears dry. Which set of lab values would best correspond to this patient’s condition?","Medical format with structured answer format (""Q&A format with symptoms"") presenting diagnostic options for a condition, establishing a pattern of assessing lab values.

The phrase ""Based on the given options, choose the correct answer: B. C. D."" signals a final answer conclusion, with the answer expected to be ""D"" given the negative findings already described.

Final token ""option
"" closes a parenthetical clause (""Answer: Option 2 is...""), directly requiring the answer label ""D"" or ""B"" to complete the diagnostic answer, likely followed by ""B"" or ""3"" to indicate the correct numeric answer, completing the closing diagnosis context about the condition.",q=4 r=None sel=0 cor=0,,0.8345823884010315,0.33083575963974,,,,,
prompt_instability,medqa:test:000498::qwen7b::option_shuffle::0,medqa:test:000498,qwen7b,medqa,step1,option_shuffle,heuristic_v1,incorrect_weak,False,B,B,A,"A 25-year-old woman presents to her physician with complaints of cyclic vomiting for 3 days. The vomitus is watery and contains undigested food particles. She also complains of feeling tired and having the “sniffles”. She has not felt like eating or drinking since her symptoms started, and she has not taken any medications. Her concern now is that she immediately gets dizzy when she stands up. Vitals signs include: pulse 120/min, respiratory rate 9/min, and blood pressure 100/70 mm Hg. Her eyes are sunken, and her tongue appears dry. Which set of lab values would best correspond to this patient’s condition?","Structured medical format with numbered symptoms and answer options, following a pattern of diagnosing a condition from a list of symptoms.

The phrase ""Given the following test results, choose the correct answer: The answer is B... But the correct answer is:"" signals the final answer is now being revealed, directly completing the diagnostic question with ""D"" for AAD.

Final token ""option
"" is mid-answer (""Answer: Option B""), part of the concluding question format (""The correct answer is:""), strongly anticipating ""B"" or ""3"" to complete the answer choice, likely followed by ""B"" or ""C"" with an explanation of the pathology and reasoning.",q=3 r=None sel=0 cor=0,,0.8203072547912598,0.35938596725463867,,,,,
prompt_instability,medqa:test:000511::qwen7b::canonical::0,medqa:test:000511,qwen7b,medqa,step2&3,canonical,heuristic_v1,incorrect_weak,False,B,B,A,"A 67-year-old man comes to the physician for a routine medical check-up prior to a scheduled elective femoropopliteal bypass surgery of his left leg. He feels well but reports occasional episodes of weakness and numbness in his left hand. He has a history of peripheral arterial disease, type 2 diabetes mellitus, hypertension, hypercholesterolemia, and gout. The patient has smoked 1 pack of cigarettes daily for the past 50 years. He drinks 3 cans of beer daily. His current medications include aspirin, metformin, enalapril, simvastatin, and febuxostat. His temperature is 37.3°C (99.1°F), pulse is 86/min, and blood pressure is 122/76 mm Hg. The lungs are clear to auscultation. Cardiac examination shows no murmurs, rubs, or gallops. Auscultation of the right side of the neck shows a bruit. There is a right-sided reducible inguinal hernia. Neurological examination shows no abnormalities. A complete blood count and serum concentrations of electrolytes, creatinine, and glucose are within the reference ranges. An electrocardiogram shows signs of mild left ventricular hypertrophy. An x-ray of the chest shows no abnormalities. Which of the following is the most appropriate next step in management?","Medical format with structured question-answer pattern, presenting clinical symptoms and instructions for a patient's diagnosis assessment.

The phrase ""Given the options: A, B, C... My answer is: Option B"" signals the final answer, implying the answer to the question ""Which of the following is the correct choice?"" requires the matching numbered option from the diagnostic list, likely ""D.""

Final token ""option 
"" opens the answer completion mid-sentence (""Answer: Option...""), immediately following the question's conclusion, strongly expecting ""B"" or ""D"" as the selected diagnosis, completing the logical sequence: ""B is the correct choice, but the answer is D.""",q=3 r=None sel=0 cor=0,,0.8427110314369202,0.31457868218421936,,,,,
prompt_instability,medqa:test:000511::qwen7b::option_shuffle::0,medqa:test:000511,qwen7b,medqa,step2&3,option_shuffle,heuristic_v1,correct_weak,True,C,A,A,"A 67-year-old man comes to the physician for a routine medical check-up prior to a scheduled elective femoropopliteal bypass surgery of his left leg. He feels well but reports occasional episodes of weakness and numbness in his left hand. He has a history of peripheral arterial disease, type 2 diabetes mellitus, hypertension, hypercholesterolemia, and gout. The patient has smoked 1 pack of cigarettes daily for the past 50 years. He drinks 3 cans of beer daily. His current medications include aspirin, metformin, enalapril, simvastatin, and febuxostat. His temperature is 37.3°C (99.1°F), pulse is 86/min, and blood pressure is 122/76 mm Hg. The lungs are clear to auscultation. Cardiac examination shows no murmurs, rubs, or gallops. Auscultation of the right side of the neck shows a bruit. There is a right-sided reducible inguinal hernia. Neurological examination shows no abnormalities. A complete blood count and serum concentrations of electrolytes, creatinine, and glucose are within the reference ranges. An electrocardiogram shows signs of mild left ventricular hypertrophy. An x-ray of the chest shows no abnormalities. Which of the following is the most appropriate next step in management?","Medical format with structured question pattern (""Q: A patient presents with vomiting, fever, and diarrhea. Choose the correct answer:"") establishes a clinical answer with numbered options.

The answer ""Option C: Heart failure is the correct choice"" signals the final answer, and the phrase ""Choice B: ECG is the most appropriate"" implies a second question completion, likely referencing the diagram question's answer.

Final token ""option 
"" is mid-answer (""Answer: Option C""), directly requiring the letter ""B"" or ""3"" to close the answer, then likely ""B"" with the explanation ""C"" continuing the diagnostic reasoning about ECG findings, completing the question prompt.",q=3 r=None sel=0 cor=0,,0.8029687404632568,0.3940630555152893,,,,,
prompt_instability,medqa:test:000514::qwen7b::canonical::0,medqa:test:000514,qwen7b,medqa,step2&3,canonical,heuristic_v1,incorrect_weak,False,B,B,A,"A 3-year-old girl is brought to the physician because of a 3-day history of fever, cough, purulent nasal discharge. She has experienced 7 similar episodes, each lasting 2–5 days in the previous 2 years. She has also had intermittent abdominal cramps and recurrent episodes of foul-smelling greasy diarrhea in the past year. She is at the 55th percentile for height and 35th percentile for weight. Her temperature is 38.9°C (102°F), pulse is 100/min, respirations are 24/min, and blood pressure is 110/60 mm Hg. Physical examination shows an erythematous oropharynx without exudate and tenderness over the frontoethmoidal sinuses. The abdomen is distended, nontender, and tympanitic to percussion. Bowel sounds are increased. Stool microscopy shows pear-shaped multi-flagellated organisms. This patient is at increased risk for which of the following?","Medical format with structured question pattern (""Q: A patient presents with symptoms..."") requiring a diagnostic answer identifying the condition from options listed.

The phrase ""Answer: The correct answer to the differential is not A or B, choosing C"" signals the final answer is being revealed, strongly implying the letter ""D"" or a specific diagnosis related to serotonin toxicity symptoms.

Final token ""option
"" closes a parenthetical clause (""Answer: Choice: C... The answer is""), directly requiring the letter ""D"" or ""B"" followed by ""C"" or ""3"" with the diagnostic reasoning, likely ""C"" completing the answer about identifying the condition via the stomach context.",q=1 r=None sel=0 cor=0,,0.8336000442504883,0.33280062675476074,,,,,
prompt_instability,medqa:test:000514::qwen7b::compact::0,medqa:test:000514,qwen7b,medqa,step2&3,compact,heuristic_v1,incorrect_weak,False,B,B,A,"A 3-year-old girl is brought to the physician because of a 3-day history of fever, cough, purulent nasal discharge. She has experienced 7 similar episodes, each lasting 2–5 days in the previous 2 years. She has also had intermittent abdominal cramps and recurrent episodes of foul-smelling greasy diarrhea in the past year. She is at the 55th percentile for height and 35th percentile for weight. Her temperature is 38.9°C (102°F), pulse is 100/min, respirations are 24/min, and blood pressure is 110/60 mm Hg. Physical examination shows an erythematous oropharynx without exudate and tenderness over the frontoethmoidal sinuses. The abdomen is distended, nontender, and tympanitic to percussion. Bowel sounds are increased. Stool microscopy shows pear-shaped multi-flagellated organisms. This patient is at increased risk for which of the following?","Medical format with numbered questions following a Q&A structure, describing symptoms for a condition, with an answer expected about a specific diagnosis combining conditions.

The phrase ""Answer: Option C is not a valid answer; choose: C. The patient has severe symptoms..."" signals the final answer is revealed, strongly implying ""B"" or ""D"" from the list of options, likely ""C.""

Final token ""option
"" closes a parenthetical answer (""Answer: Option C is...""), immediately requiring the letter ""D"" or ""C"" to complete the diagnostic conclusion, likely followed by ""D"" or ""B"" to identify the correct medical context about the intestinal tract issue.",q=2 r=None sel=0 cor=0,,0.8506845831871033,0.29863080382347107,,,,,
prompt_instability,medqa:test:000514::qwen7b::option_shuffle::0,medqa:test:000514,qwen7b,medqa,step2&3,option_shuffle,heuristic_v1,incorrect_weak,False,D,C,A,"A 3-year-old girl is brought to the physician because of a 3-day history of fever, cough, purulent nasal discharge. She has experienced 7 similar episodes, each lasting 2–5 days in the previous 2 years. She has also had intermittent abdominal cramps and recurrent episodes of foul-smelling greasy diarrhea in the past year. She is at the 55th percentile for height and 35th percentile for weight. Her temperature is 38.9°C (102°F), pulse is 100/min, respirations are 24/min, and blood pressure is 110/60 mm Hg. Physical examination shows an erythematous oropharynx without exudate and tenderness over the frontoethmoidal sinuses. The abdomen is distended, nontender, and tympanitic to percussion. Bowel sounds are increased. Stool microscopy shows pear-shaped multi-flagellated organisms. This patient is at increased risk for which of the following?","Medical format with structured question-answer format (""Q&A"") presenting diagnostic details about a patient with symptoms, following a clinical context about serotonin syndrome.

The phrase ""Given the options, the answer is: C. B12"" signals the final answer is being determined, strongly implying the answer choice is the third option ""D,"" completing the question about identifying the cause of the symptoms.

Final token ""option
"" closes the answer clause (""Answer: ... Choice: Option C""), immediately expecting ""D"" or ""C"" or ""B"" to identify the correct answer, likely followed by ""C"" or ""B"" with explanation of the chemical's physiological context.",q=2 r=None sel=0 cor=0,,0.84686279296875,0.3062746226787567,,,,,
prompt_instability,medqa:test:000567::qwen7b::canonical::0,medqa:test:000567,qwen7b,medqa,step1,canonical,heuristic_v1,incorrect_weak,False,A,A,D,"A 61-year-old man comes to the physician with several months of sharp, shooting pain in both legs. Twenty years ago, he had a painless ulcer on his penis that resolved without treatment. He has no history of serious illness. Examination shows small pupils that constrict with accommodation but do not react to light. Sensation to pinprick and light touch is decreased over the distal lower extremities. Patellar reflexes are absent bilaterally. His gait is unsteady and broad-based. This patient is at increased risk for which of the following complications?","Medical format with structured Q&A pattern: a diagnostic question listing symptoms leads to an answer identifying the correct diagnosis among options.

The phrase ""Given the symptoms, the answer is B. The correct answer is:"" signals the final answer is being provided, implying the answer choice ""D"" is logically completed with a diagnostic reasoning task about the poison's physiology or the remaining options.

Final token ""option
"" is mid-sentence (""Answer: Option E""), part of a concluding answer format clause (""Choice: C... The answer is...""), strongly expecting ""D"" or ""C"" or ""A"" or ""B"" to complete the answer, likely followed by ""D.""",q=0 r=None sel=0 cor=0,,0.8461676836013794,0.3076649308204651,,,,,
